CWD,Machine,VM_FQDN,PHYSICAL_IP,OS_TYPE,OS_Patch,OS_kernel,RAM,SID,SERVICE,SERVICE_TYPE,Service_IP,SAP_FQDN
Azure,MLGGAE00SA002,MLGGAE00SA002.obelix.lds.grp,10.153.66.5,SLES,15-SP6,6.4.0-150600.8.20-azure,257,D4H,D4H_10_HD,SAP_HD,10.153.66.9,azhdd4h10.linde.grp
Azure,MLGGAE00SA010,MLGGAE00SA010.obelix.lds.grp,10.153.66.27,SLES,15-SP6,6.4.0-150600.8.34-azure,32,DXA,DXA_11_AC,SAP_AC,10.153.66.28,azacdxa11.linde.grp
Azure,MLGGAE00SA010,MLGGAE00SA010.obelix.lds.grp,10.153.66.27,SLES,15-SP6,6.4.0-150600.8.34-azure,32,DXA,DXA_10_CI,SAP_CI,10.153.66.29,azcidxa10.linde.grp
Azure,MLGGAE00SA008,MLGGAE00SA008.obelix.lds.grp,10.153.66.18,SLES,15-SP6,6.4.0-150600.8.20-azure,515,P4H,P4H_10_HD,SAP_HD,10.153.66.22,azhdp4h1002.linde.grp
Azure,MLGGAE00SA008,MLGGAE00SA008.obelix.lds.grp,10.153.66.18,SLES,15-SP6,6.4.0-150600.8.20-azure,515,P4H,P4H_10_HD,SAP_HD,azhdp4h1002.linde.grp,azhdp4h1002.linde.grp
Azure,MLGGAE00SA008,MLGGAE00SA008.obelix.lds.grp,10.153.66.18,SLES,15-SP6,6.4.0-150600.8.20-azure,515,P4H,P4H_10_HD,SAP_HD,azhdp4h1002,azhdp4h1002.linde.grp
Azure,MLGGAE00SA009,MLGGAE00SA009.obelix.lds.grp,10.153.66.24,SLES,15-SP6,6.4.0-150600.8.34-azure,257,DXH,DXH_10_HD,SAP_HD,10.153.66.25,azhddxh10.linde.grp
Azure,MLGGAE00SA004,MLGGAE00SA004.obelix.lds.grp,10.153.66.12,SLES,15-SP6,6.4.0-150600.8.20-azure,32,Q4A,Q4A_10_CI,SAP_CI,10.153.66.13,azciq4a10.linde.grp
Azure,MLGGAE00SA004,MLGGAE00SA004.obelix.lds.grp,10.153.66.12,SLES,15-SP6,6.4.0-150600.8.20-azure,32,Q4A,Q4A_11_AC,SAP_AC,10.153.66.14,azacq4a11.linde.grp
Azure,MLGGAE00SA007,MLGGAE00SA007.obelix.lds.grp,10.153.66.17,SLES,15-SP6,6.4.0-150600.8.20-azure,515,P4H,P4H_10_HD,SAP_HD,10.153.66.21,azhdp4h1001.linde.grp
Azure,MLGGAE00SA007,MLGGAE00SA007.obelix.lds.grp,10.153.66.17,SLES,15-SP6,6.4.0-150600.8.20-azure,515,P4H,P4H_10_HD,SAP_HD,10.153.66.21,azhdp4h1001.linde.grp
Azure,MLGGAE00SA007,MLGGAE00SA007.obelix.lds.grp,10.153.66.17,SLES,15-SP6,6.4.0-150600.8.20-azure,515,P4H,P4H_10_HD,SAP_HD,azhdp4h1001.linde.grp,azhdp4h1001.linde.grp
Azure,MLGGAE00SA007,MLGGAE00SA007.obelix.lds.grp,10.153.66.17,SLES,15-SP6,6.4.0-150600.8.20-azure,515,P4H,P4H_10_HD,SAP_HD,azhdp4h1001,azhdp4h1001.linde.grp
Azure,MLGGAE00SA001,MLGGAE00SA001.obelix.lds.grp,10.153.66.4,SLES,15-SP6,6.4.0-150600.8.20-azure,32,D4A,D4A_10_DB,SAP_DB,10.153.66.10,azdbd4a10.linde.grp
Azure,MLGGAE00SA001,MLGGAE00SA001.obelix.lds.grp,10.153.66.4,SLES,15-SP6,6.4.0-150600.8.20-azure,32,D4A,D4A_10_CI,SAP_CI,10.153.66.7,azcid4a10.linde.grp
Azure,MLGGAE00SA001,MLGGAE00SA001.obelix.lds.grp,10.153.66.4,SLES,15-SP6,6.4.0-150600.8.20-azure,32,D4A,D4A_11_AC,SAP_AC,10.153.66.8,azacd4a11.linde.grp
Azure,MLGGAE00SA005,MLGGAE00SA005.obelix.lds.grp,10.153.66.10,SLES,15-SP6,6.4.0-150600.8.20-azure,257,Q4H,Q4H_10_HD,SAP_HD,10.153.66.10,azhdq4h10.linde.grp
Azure,MLGGAE00SA011,MLGGAE00SA011.obelix.lds.grp,10.153.66.33,SLES,15-SP6,6.4.0-150600.8.34-azure,257,QXH,QXH__,SAP_,10.153.66.6,
Azure,MLGGAE00SA012,MLGGAE00SA012.obelix.lds.grp,10.153.66.30,SLES,15-SP6,6.4.0-150600.8.34-azure,32,N/A,,SAP_Server_Azure,,
Azure,MLGGAE00SA006,MLGGAE00SA006.obelix.lds.grp,10.153.66.16,SLES,15-SP6,6.4.0-150600.8.14-azure,64,P4A,P4A_10_CI,SAP_CI,10.153.66.19,azcip4a10.linde.grp
Azure,MLGGAE00SA006,MLGGAE00SA006.obelix.lds.grp,10.153.66.16,SLES,15-SP6,6.4.0-150600.8.14-azure,64,P4A,P4A_10_CI,SAP_CI,azcip4a10.linde.grp,azcip4a10.linde.grp
Azure,MLGGAE00SA006,MLGGAE00SA006.obelix.lds.grp,10.153.66.16,SLES,15-SP6,6.4.0-150600.8.14-azure,64,P4A,P4A_10_CI,SAP_CI,azcip4a10,azcip4a10.linde.grp
Azure,MLGGAE00SA006,MLGGAE00SA006.obelix.lds.grp,10.153.66.16,SLES,15-SP6,6.4.0-150600.8.14-azure,64,P4A,P4A_11_AC,SAP_AC,10.153.66.20,azacp4a11.linde.grp
Azure,MLGGAE00SA006,MLGGAE00SA006.obelix.lds.grp,10.153.66.16,SLES,15-SP6,6.4.0-150600.8.14-azure,64,P4A,P4A_11_AC,SAP_AC,azacp4a11.linde.grp,azacp4a11.linde.grp
Azure,MLGGAE00SA006,MLGGAE00SA006.obelix.lds.grp,10.153.66.16,SLES,15-SP6,6.4.0-150600.8.14-azure,64,P4A,P4A_11_AC,SAP_AC,azacp4a11,azacp4a11.linde.grp
CWD13,MLGFRA10SA553,MLGFRA10SA553.obelix.lds.grp,10.139.80.161,SLES,15-SP6,6.4.0-150600.23.30-default,20.26,DTI,DTI_63_GS,SAP_GS,10.139.82.20,lingsdti6300.edc.linde.grp
CWD13,MLGFRA10SA547,MLGFRA10SA547.obelix.lds.grp,10.139.80.160,SLES,15-SP6,6.4.0-150600.23.30-default,251.60,D8H,D8H_47_HD,SAP_HD,10.139.83.34,linhdd8h4701.edc.linde.grp
CWD16,MLGFRA10SA544,MLGFRA10SA544.obelix.lds.grp,10.139.224.13,SLES,15-SP6,6.4.0-150600.23.30-default,19.27,,,SAP_Server_FCI,N/A,
CWD16,MLGFRA10SA581,MLGFRA10SA581.obelix.lds.grp,10.139.118.91,SLES,15-SP4,5.14.21-150400.24.122-default,86.14,GRA,GRA_60_DB,SAP_DB,10.139.112.110,lindbgra6000c4.edc.linde.grp
CWD13,MLGFRA10SA543,MLGFRA10SA543.obelix.lds.grp,10.139.80.154,SLES,15-SP6,6.4.0-150600.23.30-default,755.57,HQ1,HQ1_30_HD,SAP_HD,10.139.82.92,linhdhq13001.edc.linde.grp
CWD13,MLGFRA10SA560,MLGFRA10SA560.obelix.lds.grp,10.139.80.169,SLES,15-SP6,6.4.0-150600.23.30-default,503.57,QTH,QTH_52_HD,SAP_HD,10.139.82.88,linhdqth5201.edc.linde.grp
CWD16,MLGFRA10SA554,MLGFRA10SA554.obelix.lds.grp,10.139.224.16,SLES,15-SP6,6.4.0-150600.23.30-default,29.12,,,SAP_Server_FCI,N/A,
CWD16,MLGFRA10SA575,MLGFRA10SA575.obelix.lds.grp,10.139.118.88,SLES,15-SP6,6.4.0-150600.23.30-default,15.36,QGE,QGE_10_CI,SAP_CI,10.139.113.10,linciqge1000.edc.linde.grp
CWD16,MLGFRA10SA575,MLGFRA10SA575.obelix.lds.grp,10.139.118.88,SLES,15-SP6,6.4.0-150600.23.30-default,15.36,QGE,QGE_16_AC,SAP_AC,10.139.113.9,linacqge1600.edc.linde.grp
CWD16,MLGFRA10SA580,MLGFRA10SA580.obelix.lds.grp,10.139.118.87,SLES,15-SP4,5.14.21-150400.24.122-default,39.88,GRA,GRA_60_CI,SAP_CI,10.139.112.111,lincigra6000.edc.linde.grp
CWD16,MLGFRA10SA580,MLGFRA10SA580.obelix.lds.grp,10.139.118.87,SLES,15-SP4,5.14.21-150400.24.122-default,39.88,GRA,GRA_16_AC,SAP_AC,10.139.112.112,linacgra1600.edc.linde.grp
CWD13,MLGFRA10SA885,MLGFRA10SA885.obelix.lds.grp,10.139.80.193,SLES,15-SP6,6.4.0-150600.23.30-default,48.76,.SA,.SA_pc_D1,SAP_D1,10.139.83.56,prod1.sapcloudconnector.edc.linde
CWD13,MLGFRA10SA546,MLGFRA10SA546.obelix.lds.grp,10.139.80.156,SLES,15-SP6,6.4.0-150600.23.30-default,31.08,D8A,D8A_48_AC,SAP_AC,10.139.83.33,linacd8a4800.edc.linde.grp
CWD13,MLGFRA10SA546,MLGFRA10SA546.obelix.lds.grp,10.139.80.156,SLES,15-SP6,6.4.0-150600.23.30-default,31.08,D8A,D8A_47_CI,SAP_CI,10.139.83.32,lincid8a4700.edc.linde.grp
CWD13,MLGFRA10SA541,MLGFRA10SA541.obelix.lds.grp,10.139.80.145,SLES,15-SP6,6.4.0-150600.23.30-default,755.61,HD1,HD1_20_HD,SAP_HD,10.139.82.82,linhdhd12001.edc.linde.grp
CWD13,MLGFRA10SA570,MLGFRA10SA570.obelix.lds.grp,10.139.80.174,SLES,15-SP6,6.4.0-150600.23.30-default,166.96,VP1,VP1_29_AC,SAP_AC,10.139.82.104,linacvp12900.edc.linde.grp
CWD13,MLGFRA10SA570,MLGFRA10SA570.obelix.lds.grp,10.139.80.174,SLES,15-SP6,6.4.0-150600.23.30-default,166.96,VP1,VP1_30_CI,SAP_CI,10.139.82.103,lincivp13000.edc.linde.grp
CWD16,MLGFRA10SA579,MLGFRA10SA579.obelix.lds.grp,10.139.118.89,SLES,15-SP6,6.4.0-150600.23.30-default,19.27,TSJ,TSJ_01_JD,SAP_JD,10.139.112.190,linjdtsj0100c4.edc.linde.grp
CWD16,MLGFRA10SA545,MLGFRA10SA545.obelix.lds.grp,10.139.224.14,SLES,15-SP6,6.4.0-150600.23.30-default,29.12,,,SAP_Server_FCI,N/A,
CWD13,MLGFRA10SA550,MLGFRA10SA550.obelix.lds.grp,10.139.80.164,SLES,15-SP6,6.4.0-150600.23.30-default,22.23,DTG,DTG_51_CI,SAP_CI,10.139.82.17,lincidtg5100.edc.linde.grp
CWD13,MLGFRA10SA550,MLGFRA10SA550.obelix.lds.grp,10.139.80.164,SLES,15-SP6,6.4.0-150600.23.30-default,22.23,DTG,DTG_61_AC,SAP_AC,10.139.82.16,linacdtg6100.edc.linde.grp
CWD13,MLGFRA10SA510,MLGFRA10SA510.obelix.lds.grp,10.139.80.78,SLES,15-SP6,6.4.0-150600.23.30-default,166.96,VX3,VX3_60_CI,SAP_CI,10.139.82.174,lincivx36000.edc.linde.grp
CWD13,MLGFRA10SA510,MLGFRA10SA510.obelix.lds.grp,10.139.80.78,SLES,15-SP6,6.4.0-150600.23.30-default,166.96,VX3,VX3_59_AC,SAP_AC,10.139.82.175,linacvx35900.edc.linde.grp
CWD16,MLGFRA10SA574,MLGFRA10SA574.obelix.lds.grp,10.139.118.86,SLES,15-SP6,6.4.0-150600.23.30-default,19.27,QGE,QGE_10_DB,SAP_DB,10.139.113.11,lindbqge1000c4.edc.linde.grp
CWD13,MLGFRA10SA561,MLGFRA10SA561.obelix.lds.grp,10.139.80.172,SLES,15-SP6,6.4.0-150600.23.30-default,20.26,QTI,QTI_76_GS,SAP_GS,10.139.82.89,lingsqti7600.edc.linde.grp
CWD13,MLGFRA10SA523,MLGFRA10SA523.obelix.lds.grp,10.139.80.122,SLES,15-SP6,6.4.0-150600.23.30-default,48.75,N/A,N/A,SAP_Server_FCI,10.139.82.236,SERVICE_IP not defined in DNS
CWD13,MLGFRA10SA549,MLGFRA10SA549.obelix.lds.grp,10.139.80.165,SLES,15-SP6,6.4.0-150600.23.30-default,503.57,DTH,DTH_51_HD,SAP_HD,10.139.82.19,linhddth5101.edc.linde.grp
CWD16,MLGFRA10SA578,MLGFRA10SA578.obelix.lds.grp,10.139.118.90,SLES,15-SP6,6.4.0-150600.23.30-default,10.44,TSJ,TSJ_03_JC,SAP_JC,10.139.112.191,linjctsj0300.edc.linde.grp
CWD16,MLGFRA10SA578,MLGFRA10SA578.obelix.lds.grp,10.139.118.90,SLES,15-SP6,6.4.0-150600.23.30-default,10.44,TSJ,TSJ_01_JI,SAP_JI,10.139.112.192,linjitsj0100.edc.linde.grp
CWD13,MLGFRA10SA884,MLGFRA10SA884.obelix.lds.grp,10.139.80.197,SLES,15-SP6,6.4.0-150600.23.30-default,48.76,N/A,N/A,SAP_Server_FCI,10.139.83.55,SERVICE_IP not defined in DNS
CWD13,MLGFRA10SA571,MLGFRA10SA571.obelix.lds.grp,10.139.80.173,SLES,15-SP6,6.4.0-150600.23.30-default,1007.57,HP1,HP1_40_HD,SAP_HD,10.139.82.102,linhdhp14001.edc.linde.grp
CWD13,MLGFRA10SA511,MLGFRA10SA511.obelix.lds.grp,10.139.80.68,SLES,15-SP6,6.4.0-150600.23.30-default,629.57,HX3,HX3_50_HD,SAP_HD,10.139.82.177,linhdhx35001.edc.linde.grp
CWD13,MLGFRA10SA555,MLGFRA10SA555.obelix.lds.grp,10.139.80.166,SLES,15-SP6,6.4.0-150600.23.30-default,31.08,D1A,D1A_01_AC,SAP_AC,10.139.83.46,linacd1a0100.edc.linde.grp
CWD13,MLGFRA10SA555,MLGFRA10SA555.obelix.lds.grp,10.139.80.166,SLES,15-SP6,6.4.0-150600.23.30-default,31.08,D1A,D1A_00_CI,SAP_CI,10.139.83.45,lincid1a0000.edc.linde.grp
CWD13,MLGFRA10SA540,MLGFRA10SA540.obelix.lds.grp,10.139.80.144,SLES,15-SP6,6.4.0-150600.23.30-default,29.12,VD1,VD1_09_AC,SAP_AC,10.139.82.84,linacvd10900.edc.linde.grp
CWD13,MLGFRA10SA540,MLGFRA10SA540.obelix.lds.grp,10.139.80.144,SLES,15-SP6,6.4.0-150600.23.30-default,29.12,VD1,VD1_10_CI,SAP_CI,10.139.82.83,lincivd11000.edc.linde.grp
CWD13,MLGFRA10SA559,MLGFRA10SA559.obelix.lds.grp,10.139.80.170,SLES,15-SP6,6.4.0-150600.23.30-default,22.23,QTG,QTG_62_AC,SAP_AC,10.139.82.85,linacqtg6200.edc.linde.grp
CWD13,MLGFRA10SA559,MLGFRA10SA559.obelix.lds.grp,10.139.80.170,SLES,15-SP6,6.4.0-150600.23.30-default,22.23,QTG,QTG_52_CI,SAP_CI,10.139.82.86,linciqtg5200.edc.linde.grp
CWD13,MLGFRA10SA556,MLGFRA10SA556.obelix.lds.grp,10.139.80.167,SLES,15-SP6,6.4.0-150600.23.30-default,251.60,D1H,D1H_00_HD,SAP_HD,10.139.83.44,linhdd1h0001.edc.linde.grp
CWD13,MLGFRA10SA542,MLGFRA10SA542.obelix.lds.grp,10.139.80.157,SLES,15-SP6,6.4.0-150600.23.30-default,166.96,VQ1,VQ1_19_AC,SAP_AC,10.139.82.94,linacvq11900.edc.linde.grp
CWD13,MLGFRA10SA542,MLGFRA10SA542.obelix.lds.grp,10.139.80.157,SLES,15-SP6,6.4.0-150600.23.30-default,166.96,VQ1,VQ1_20_CI,SAP_CI,10.139.82.93,lincivq12000.edc.linde.grp
CWD13,MLGFRA10SA898,MLGFRA10SA898.obelix.lds.grp,10.139.80.235,SLES,15-SP6,6.4.0-150600.23.30-default,58.60,D9A,D9A_16_AC,SAP_AC,10.139.82.80,linacd9a1600.edc.linde.grp
CWD13,MLGFRA10SA898,MLGFRA10SA898.obelix.lds.grp,10.139.80.235,SLES,15-SP6,6.4.0-150600.23.30-default,58.60,D9A,D9A_24_CI,SAP_CI,10.139.82.79,lincid9a2400.edc.linde.grp
CWD13,MLGFRA10SA895,MLGFRA10SA895.obelix.lds.grp,10.139.80.210,SLES,15-SP6,6.4.0-150600.23.30-default,251.60,D6H,D6H_45_HD,SAP_HD,10.139.82.28,linhdd6h4501.edc.linde.grp
CWD13,MLGFRA10SA929,MLGFRA10SA929.obelix.lds.grp,10.139.81.71,SLES,15-SP6,6.4.0-150600.23.30-default,2015.59,Q1H,Q1H_00_HD,SAP_HD,10.139.83.73,linhdq1h0001.edc.linde.grp
CWD13,MLGFRA10SA948,MLGFRA10SA948.obelix.lds.grp,10.139.81.81,SLES,15-SP4,5.14.21-150400.24.100-default,2519.58,DSH,DSH_22_HD,SAP_HD,10.139.82.81,linhddsh2201.edc.linde.grp
CWD13,MLGFRA10SA897,MLGFRA10SA897.obelix.lds.grp,10.139.80.211,SLES,15-SP6,6.4.0-150600.23.30-default,1007.61,Q8H,Q8H_47_HD,SAP_HD,10.139.83.20,linhdq8h4701.edc.linde.grp
CWD13,MLGFRA10SA887,MLGFRA10SA887.obelix.lds.grp,10.139.80.200,SLES,15-SP6,6.4.0-150600.23.30-default,31.08,PTG,PTG_63_AC,SAP_AC,10.139.82.142,linacptg6300.edc.linde.grp
CWD13,MLGFRA10SA887,MLGFRA10SA887.obelix.lds.grp,10.139.80.200,SLES,15-SP6,6.4.0-150600.23.30-default,31.08,PTG,PTG_53_CI,SAP_CI,10.139.82.143,linciptg5300.edc.linde.grp
CWD13,MLGFRA10SA916,MLGFRA10SA916.obelix.lds.grp,10.139.81.65,SLES,15-SP6,6.4.0-150600.23.30-default,70.41,P8A,P8A_13_AP,SAP_AP,10.139.83.69,linapp8a1300.edc.linde.grp
CWD13,MLGFRA10SA910,MLGFRA10SA910.obelix.lds.grp,10.139.81.49,SLES,15-SP6,6.4.0-150600.23.30-default,251.44,D9H,D9H_24_HD,SAP_HD,10.139.83.12,linhdd9h2401.edc.linde.grp
CWD13,MLGFRA10SA944,MLGFRA10SA944.obelix.lds.grp,10.139.81.121,SLES,15-SP4,5.14.21-150400.24.100-default,166.77,VX1,VX1_29_AC,SAP_AC,10.139.82.26,linacvx12900.edc.linde.grp
CWD13,MLGFRA10SA944,MLGFRA10SA944.obelix.lds.grp,10.139.81.121,SLES,15-SP4,5.14.21-150400.24.100-default,166.77,VX1,VX1_30_CI,SAP_CI,10.139.82.25,lincivx13000.edc.linde.grp
CWD13,MLGFRA10SA886,MLGFRA10SA886.obelix.lds.grp,10.139.80.196,SLES,15-SP6,6.4.0-150600.23.30-default,48.76,.SA,.SA_pc_D2,SAP_D2,10.139.83.57,prod2.sapcloudconnector.edc.linde
CWD13,MLGFRA10SA904,MLGFRA10SA904.obelix.lds.grp,10.139.81.6,SLES,15-SP6,6.4.0-150600.23.30-default,78.28,P8A,P8A_48_AC,SAP_AC,10.139.83.51,linacp8a4800.edc.linde.grp
CWD13,MLGFRA10SA904,MLGFRA10SA904.obelix.lds.grp,10.139.81.6,SLES,15-SP6,6.4.0-150600.23.30-default,78.28,P8A,P8A_47_CI,SAP_CI,10.139.83.22,lincip8a4700.edc.linde.grp
CWD13,MLGFRA10SA889,MLGFRA10SA889.obelix.lds.grp,10.139.80.202,SLES,15-SP6,6.4.0-150600.23.30-default,503.57,PTH,PTH_53_HD,SAP_HD,10.139.82.68,linhdpth5301.edc.linde.grp
CWD13,MLGFRA10SA927,MLGFRA10SA927.obelix.lds.grp,10.139.81.72,SLES,15-SP6,6.4.0-150600.23.30-default,62.53,Q1A,Q1A_00_CI,SAP_CI,10.139.83.74,linciq1a0000.edc.linde.grp
CWD13,MLGFRA10SA927,MLGFRA10SA927.obelix.lds.grp,10.139.81.72,SLES,15-SP6,6.4.0-150600.23.30-default,62.53,Q1A,Q1A_01_AC,SAP_AC,10.139.83.75,linacq1a0100.edc.linde.grp
CWD13,MLGFRA10SA915,MLGFRA10SA915.obelix.lds.grp,10.139.81.68,SLES,15-SP6,6.4.0-150600.23.30-default,70.41,P8A,P8A_31_AP,SAP_AP,10.139.83.68,linapp8a3100.edc.linde.grp
CWD13,MLGFRA10SA905,MLGFRA10SA905.obelix.lds.grp,10.139.81.3,SLES,15-SP6,6.4.0-150600.23.30-default,1511.61,P8H,P8H_47_HD,SAP_HD,10.139.83.52,linhdp8h4701.edc.linde.grp
CWD13,MLGFRA10SA947,MLGFRA10SA947.obelix.lds.grp,10.139.81.80,SLES,15-SP4,5.14.21-150400.24.100-default,196.47,DSN,DSN_21_AP,SAP_AP,10.139.83.48,linapdsn2100.edc.linde.grp
CWD13,MLGFRA10SA896,MLGFRA10SA896.obelix.lds.grp,10.139.80.212,SLES,15-SP6,6.4.0-150600.23.30-default,62.53,Q8A,Q8A_48_AC,SAP_AC,10.139.83.19,linacq8a4800.edc.linde.grp
CWD13,MLGFRA10SA896,MLGFRA10SA896.obelix.lds.grp,10.139.80.212,SLES,15-SP6,6.4.0-150600.23.30-default,62.53,Q8A,Q8A_47_CI,SAP_CI,10.139.82.14,linciq8a4700.edc.linde.grp
CWD13,MLGFRA10SA954,MLGFRA10SA954.obelix.lds.grp,10.139.81.90,SLES,15-SP6,6.4.0-150600.23.30-default,2519.56,P1H,P1H_00_HD,SAP_HD,10.139.83.79,linhdp1h0001.edc.linde.grp
CWD13,MLGFRA10SA890,MLGFRA10SA890.obelix.lds.grp,10.139.80.203,SLES,15-SP6,6.4.0-150600.23.30-default,31.08,PTI,PTI_77_GS,SAP_GS,10.139.82.145,lingspti7700.edc.linde.grp
CWD13,MLGFRA10SA961,MLGFRA10SA961.obelix.lds.grp,10.139.81.100,SLES,15-SP6,6.4.0-150600.23.30-default,48.75,P1A,P1A_04_AP,SAP_AP,10.139.82.189,linapp1a0400.edc.linde.grp
CWD13,MLGFRA10SA888,MLGFRA10SA888.obelix.lds.grp,10.139.80.201,SLES,15-SP6,6.4.0-150600.23.30-default,31.08,PTG,PTG_54_AP,SAP_AP,10.139.82.67,linapptg5400.edc.linde.grp
CWD13,MLGFRA10SA946,MLGFRA10SA946.obelix.lds.grp,10.139.81.79,SLES,15-SP4,5.14.21-150400.24.100-default,196.47,DSN,DSN_23_AC,SAP_AC,10.139.83.8,linacdsn2300.edc.linde.grp
CWD13,MLGFRA10SA946,MLGFRA10SA946.obelix.lds.grp,10.139.81.79,SLES,15-SP4,5.14.21-150400.24.100-default,196.47,DSN,DSN_22_CI,SAP_CI,10.139.83.5,lincidsn2200.edc.linde.grp
CWD13,MLGFRA10SA955,MLGFRA10SA955.obelix.lds.grp,10.139.81.91,SLES,15-SP6,6.4.0-150600.23.30-default,78.28,P1A,P1A_01_AC,SAP_AC,10.139.83.81,linacp1a0100.edc.linde.grp
CWD13,MLGFRA10SA955,MLGFRA10SA955.obelix.lds.grp,10.139.81.91,SLES,15-SP6,6.4.0-150600.23.30-default,78.28,P1A,P1A_00_CI,SAP_CI,10.139.83.80,lincip1a0000.edc.linde.grp
CWD13,MLGFRA10SA959,MLGFRA10SA959.obelix.lds.grp,10.139.81.98,SLES,15-SP6,6.4.0-150600.23.30-default,48.75,P1A,P1A_02_AP,SAP_AP,10.139.82.187,linapp1a0200.edc.linde.grp
CWD13,MLGFRA10SA945,MLGFRA10SA945.obelix.lds.grp,10.139.81.122,SLES,15-SP4,5.14.21-150400.24.100-default,639.44,HX1,HX1_40_HD,SAP_HD,10.139.82.27,linhdhx14001.edc.linde.grp
CWD13,MLGFRA10SA960,MLGFRA10SA960.obelix.lds.grp,10.139.81.99,SLES,15-SP6,6.4.0-150600.23.30-default,48.75,P1A,P1A_03_AP,SAP_AP,10.139.82.188,linapp1a0300.edc.linde.grp
CWD13,MLGFRA10SA962,MLGFRA10SA962.obelix.lds.grp,10.139.81.101,SLES,15-SP6,6.4.0-150600.23.30-default,48.75,P1A,P1A_05_AP,SAP_AP,10.139.82.190,linapp1a0500.edc.linde.grp
CWD13,MLGFRA10SA894,MLGFRA10SA894.obelix.lds.grp,10.139.80.209,SLES,15-SP6,6.4.0-150600.23.30-default,31.08,D6A,D6A_45_CI,SAP_CI,10.139.82.29,lincid6a4500.edc.linde.grp
CWD13,MLGFRA10SA894,MLGFRA10SA894.obelix.lds.grp,10.139.80.209,SLES,15-SP6,6.4.0-150600.23.30-default,31.08,D6A,D6A_46_AC,SAP_AC,10.139.82.31,linacd6a4600.edc.linde.grp
CWD13,MLGFRA10SA951,MLGFRA10SA951.obelix.lds.grp,10.139.81.84,SLES,15-SP4,5.14.21-150400.24.122-default,19.26,MGG,MGG_01_CI,SAP_CI,10.139.83.67,lincimgg0100.edc.linde.grp
CWD13,MLGFRA10SA951,MLGFRA10SA951.obelix.lds.grp,10.139.81.84,SLES,15-SP4,5.14.21-150400.24.122-default,19.26,MGG,MGG_01_SY,SAP_SY,10.139.83.78,lindbmgg0100c4.edc.linde.grp
CWD13,MLGFRA10SA951,MLGFRA10SA951.obelix.lds.grp,10.139.81.84,SLES,15-SP4,5.14.21-150400.24.122-default,19.26,MGG,MGG_02_AC,SAP_AC,10.139.83.66,linacmgg0200.edc.linde.grp
CWD13,MLGFRA10SA965,MLGFRA10SA965.obelix.lds.grp,10.139.81.93,SLES,15-SP6,6.4.0-150600.23.30-default,62.53,Q6A,Q6A_46_AC,SAP_AC,10.139.83.65,linacq6a4600.edc.linde.grp
CWD13,MLGFRA10SA965,MLGFRA10SA965.obelix.lds.grp,10.139.81.93,SLES,15-SP6,6.4.0-150600.23.30-default,62.53,Q6A,Q6A_45_CI,SAP_CI,10.139.83.50,linciq6a4500.edc.linde.grp
CWD13,MLGFRA10SA973,MLGFRA10SA973.obelix.lds.grp,10.139.81.96,SLES,15-SP4,5.14.21-150400.24.122-default,251.42,D2H,D2H_00_HD,SAP_HD,10.139.80.31,linhdd2h0001.edc.linde.grp
CWD16,MLGFRA10SA976,MLGFRA10SA976.obelix.lds.grp,10.139.119.52,SLES,15-SP4,5.14.21-150400.24.133-default,62.52,S92,S92_16_AC,SAP_AC,10.139.113.87,linacs921600.edc.linde.grp
CWD16,MLGFRA10SA976,MLGFRA10SA976.obelix.lds.grp,10.139.119.52,SLES,15-SP4,5.14.21-150400.24.133-default,62.52,S92,S92_24_CI,SAP_CI,10.139.113.84,lincis922400.edc.linde.grp
CWD16,MLGFRA10SA970,MLGFRA10SA970.obelix.lds.grp,10.139.119.47,SLES,15-SP4,5.14.21-150400.24.122-default,62.52,S91,S91_24_CI,SAP_CI,10.139.112.248,lincis912400.edc.linde.grp
CWD16,MLGFRA10SA972,MLGFRA10SA972.obelix.lds.grp,10.139.119.49,SLES,15-SP4,5.14.21-150400.24.122-default,62.52,S91,S91_24_DB,SAP_DB,10.139.113.8,lindbs912400c4.edc.linde.grp
CWD13,MLGFRA10SA967,MLGFRA10SA967.obelix.lds.grp,10.139.81.88,SLES,15-SP4,5.14.21-150400.24.122-default,251.42,DGN,DGN_26_HD,SAP_HD,10.139.83.84,linhddgn2601.edc.linde.grp
CWD13,MLGFRA10SA983,MLGFRA10SA983.obelix.lds.grp,10.139.81.107,SLES,15-SP6,6.4.0-150600.23.30-default,31.09,TGA,TGA_27_CI,SAP_CI,10.139.82.176,lincitga2700.edc.linde.grp
CWD13,MLGFRA10SA983,MLGFRA10SA983.obelix.lds.grp,10.139.81.107,SLES,15-SP6,6.4.0-150600.23.30-default,31.09,TGA,TGA_28_AC,SAP_AC,10.139.82.137,linactga2800.edc.linde.grp
CWD13,MLGFRA10SA985,MLGFRA10SA985.obelix.lds.grp,10.139.81.110,SLES,15-SP6,6.4.0-150600.23.30-default,43.83,P6A,P6A_45_CI,SAP_CI,10.139.82.77,lincip6a4500.edc.linde.grp
CWD13,MLGFRA10SA985,MLGFRA10SA985.obelix.lds.grp,10.139.81.110,SLES,15-SP6,6.4.0-150600.23.30-default,43.83,P6A,P6A_46_AC,SAP_AC,10.139.82.78,linacp6a4600.edc.linde.grp
CWD16,MLGFRA10SA978,MLGFRA10SA978.obelix.lds.grp,10.139.119.54,SLES,15-SP4,5.14.21-150400.24.133-default,62.52,S92,S92_24_DB,SAP_DB,10.139.112.208,lindbs922400c4.edc.linde.grp
CWD16,MLGFRA10SA971,MLGFRA10SA971.obelix.lds.grp,10.139.119.48,SLES,15-SP4,5.14.21-150400.24.122-default,62.52,S91,S91_25_AP,SAP_AP,10.139.113.7,linaps912500.edc.linde.grp
CWD13,MLGFRA10SA984,MLGFRA10SA984.obelix.lds.grp,10.139.81.108,SLES,15-SP6,6.4.0-150600.23.30-default,251.44,TGH,TGH_27_HD,SAP_HD,10.139.82.186,linhdtgh2701.edc.linde.grp
CWD16,MLGFRA10SA977,MLGFRA10SA977.obelix.lds.grp,10.139.119.53,SLES,15-SP4,5.14.21-150400.24.133-default,62.52,S92,S92_25_AP,SAP_AP,10.139.113.88,linaps922500.edc.linde.grp
CWD13,MLGFRA10SA986,MLGFRA10SA986.obelix.lds.grp,10.139.81.112,SLES,15-SP6,6.4.0-150600.23.30-default,1511.61,P6H,P6H_45_HD,SAP_HD,10.139.82.76,linhdp6h4501.edc.linde.grp
CWD13,MLGFRA10SA975,MLGFRA10SA975.obelix.lds.grp,10.139.81.102,SLES,15-SP4,5.14.21-150400.24.122-default,503.60,T9H,T9H_24_HD,SAP_HD,10.139.82.108,linhdt9h2401.edc.linde.grp
CWD13,MLGFRA10SA966,MLGFRA10SA966.obelix.lds.grp,10.139.81.87,SLES,15-SP6,6.4.0-150600.23.30-default,503.62,Q6H,Q6H_45_HD,SAP_HD,10.139.83.49,linhdq6h4501.edc.linde.grp
CWD13,MLGFRA10SA995,MLGFRA10SA995.obelix.lds.grp,10.139.81.120,SLES,15-SP6,6.4.0-150600.23.30-default,503.62,Q9H,Q9H_24_HD,SAP_HD,10.139.82.43,linhdq9h2401.edc.linde.grp
CWD13,MLGFRA10SA980,MLGFRA10SA980.obelix.lds.grp,10.139.81.106,SLES,15-SP6,6.4.0-150600.23.30-default,29.12,Q8A,Q8A_31_AP,SAP_AP,10.139.82.156,linapq8a3100.edc.linde.grp
CWD13,MLGFRA10SA990,MLGFRA10SA990.obelix.lds.grp,10.139.81.111,SLES,15-SP6,6.4.0-150600.23.30-default,38.91,P6A,P6A_49_AP,SAP_AP,10.139.82.101,linapp6a4900.edc.linde.grp
CWD13,MLGFRA10SA974,MLGFRA10SA974.obelix.lds.grp,10.139.81.104,SLES,15-SP4,5.14.21-150400.24.122-default,62.52,T9A,T9A_24_CI,SAP_CI,10.139.82.109,lincit9a2400.edc.linde.grp
CWD13,MLGFRA10SA974,MLGFRA10SA974.obelix.lds.grp,10.139.81.104,SLES,15-SP4,5.14.21-150400.24.122-default,62.52,T9A,T9A_16_AC,SAP_AC,10.139.82.110,linact9a1600.edc.linde.grp
CWD13,MLGFRA10SA988,MLGFRA10SA988.obelix.lds.grp,10.139.81.118,SLES,15-SP6,6.4.0-150600.23.30-default,38.91,P6A,P6A_47_AP,SAP_AP,10.139.82.255,linapp6a4700.edc.linde.grp
CWD13,MLGFRA10SA979,MLGFRA10SA979.obelix.lds.grp,10.139.81.105,SLES,15-SP4,5.14.21-150400.24.133-default,503.60,QGN,QGN_01_HD,SAP_HD,10.139.83.23,linhdqgn0101.edc.linde.grp
CWD13,MLGFRA10SB106,MLGFRA10SB106.obelix.lds.grp,10.139.80.230,SLES,15-SP6,6.4.0-150600.23.30-default,54.67,QRG,QRG_29_AC,SAP_AC,10.139.82.191,linacqrg2900.edc.linde.grp
CWD13,MLGFRA10SB106,MLGFRA10SB106.obelix.lds.grp,10.139.80.230,SLES,15-SP6,6.4.0-150600.23.30-default,54.67,QRG,QRG_30_CI,SAP_CI,10.139.82.192,linciqrg3000.edc.linde.grp
CWD13,MLGFRA10SB106,MLGFRA10SB106.obelix.lds.grp,10.139.80.230,SLES,15-SP6,6.4.0-150600.23.30-default,54.67,QRG,QRG_30_SY,SAP_SY,10.139.82.193,lindbqrg3000c4.edc.linde.grp
CWD13,MLGFRA10SA994,MLGFRA10SA994.obelix.lds.grp,10.139.81.115,SLES,15-SP4,5.14.21-150400.24.133-default,19.26,N/A,N/A,SAP_Server_FCI,10.139.82.100,SERVICE_IP not defined in DNS
CWD16,MLGFRA10SB122,MLGFRA10SB122.obelix.lds.grp,10.139.118.165,SLES,15-SP6,6.4.0-150600.23.30-default,19.28,AGH,AGH_58_DB,SAP_DB,10.139.113.18,lindbagh5800c4.edc.linde.grp
CWD13,MLGFRA10SA993,MLGFRA10SA993.obelix.lds.grp,10.139.81.109,SLES,15-SP4,5.14.21-150400.24.133-default,62.52,D2A,D2A_01_AC,SAP_AC,10.139.82.206,linacd2a0100.edc.linde.grp
CWD13,MLGFRA10SA993,MLGFRA10SA993.obelix.lds.grp,10.139.81.109,SLES,15-SP4,5.14.21-150400.24.133-default,62.52,D2A,D2A_00_CI,SAP_CI,10.139.82.205,lincid2a0000.edc.linde.grp
CWD16,MLGFRA10SB102,MLGFRA10SB102.obelix.lds.grp,10.139.118.150,SLES,15-SP6,6.4.0-150600.23.30-default,9.46,DGL,DGL_86_LC,SAP_LC,10.139.112.117,linlcdgl8600.edc.linde.grp
CWD13,MLGFRA10SA989,MLGFRA10SA989.obelix.lds.grp,10.139.81.119,SLES,15-SP6,6.4.0-150600.23.30-default,38.91,P6A,P6A_48_AP,SAP_AP,10.139.83.7,linapp6a4800.edc.linde.grp
CWD13,MLGFRA10SA996,MLGFRA10SA996.obelix.lds.grp,10.139.81.124,SLES,15-SP6,6.4.0-150600.23.30-default,62.53,Q9A,Q9A_16_AC,SAP_AC,10.139.82.45,linacq9a1600.edc.linde.grp
CWD13,MLGFRA10SA996,MLGFRA10SA996.obelix.lds.grp,10.139.81.124,SLES,15-SP6,6.4.0-150600.23.30-default,62.53,Q9A,Q9A_24_CI,SAP_CI,10.139.82.44,linciq9a2400.edc.linde.grp
CWD13,MLGFRA10SB105,MLGFRA10SB105.obelix.lds.grp,10.139.80.215,SLES,15-SP6,6.4.0-150600.23.30-default,48.76,PM0,PM0_85_JC,SAP_JC,10.139.82.105,linjcpm08500.edc.linde.grp
CWD13,MLGFRA10SB105,MLGFRA10SB105.obelix.lds.grp,10.139.80.215,SLES,15-SP6,6.4.0-150600.23.30-default,48.76,PM0,PM0_88_JI,SAP_JI,10.139.82.106,linjipm08800.edc.linde.grp
CWD16,MLGFRA10SB121,MLGFRA10SB121.obelix.lds.grp,10.139.118.197,SLES,15-SP6,6.4.0-150600.23.30-default,73.37,PGH,PGH_59_DB,SAP_DB,10.139.113.47,lindbpgh5900c4.edc.linde.grp
CWD13,MLGFRA10SB123,MLGFRA10SB123.obelix.lds.grp,10.139.80.214,SLES,15-SP4,5.14.21-150400.24.122-default,48.74,DD1,DD1_56_CI,SAP_CI,10.139.82.32,lincidd15600.edc.linde.grp
CWD16,MLGFRA10SB129,MLGFRA10SB129.obelix.lds.grp,10.139.118.158,SLES,15-SP6,6.4.0-150600.23.30-default,19.28,SGU,SGU_48_DB,SAP_DB,10.139.112.152,lindbsgu4800c4.edc.linde.grp
CWD16,MLGFRA10SB126,MLGFRA10SB126.obelix.lds.grp,10.139.119.14,SLES,15-SP6,6.4.0-150600.23.30-default,58.60,P8E,P8E_47_DB,SAP_DB,10.139.113.3,lindbp8e4700c4.edc.linde.grp
CWD16,MLGFRA10SB127,MLGFRA10SB127.obelix.lds.grp,10.139.118.163,SLES,15-SP6,6.4.0-150600.23.30-default,9.46,TGE,TGE_16_AC,SAP_AC,10.139.112.176,linactge1600.edc.linde.grp
CWD16,MLGFRA10SB127,MLGFRA10SB127.obelix.lds.grp,10.139.118.163,SLES,15-SP6,6.4.0-150600.23.30-default,9.46,TGE,TGE_15_CI,SAP_CI,10.139.112.177,lincitge1500.edc.linde.grp
CWD16,MLGFRA10SB124,MLGFRA10SB124.obelix.lds.grp,10.139.118.155,SLES,15-SP6,6.4.0-150600.23.30-default,19.28,DGE,DGE_10_DB,SAP_DB,10.139.112.128,lindbdge1000c4.edc.linde.grp
CWD16,MLGFRA10SB131,MLGFRA10SB131.obelix.lds.grp,10.139.118.237,SLES,15-SP6,6.4.0-150600.23.30-default,68.44,P9E,P9E_24_DB,SAP_DB,10.139.112.193,lindbp9e2400c4.edc.linde.grp
CWD16,MLGFRA10SB144,MLGFRA10SB144.obelix.lds.grp,10.139.119.4,SLES,15-SP6,6.4.0-150600.23.30-default,86.16,GQA,GQA_60_DB,SAP_DB,10.139.113.27,lindbgqa6000c4.edc.linde.grp
CWD16,MLGFRA10SB136,MLGFRA10SB136.obelix.lds.grp,10.139.118.248,SLES,15-SP6,6.4.0-150600.23.30-default,97.98,P2E,P2E_69_DB,SAP_DB,10.139.113.37,lindbp2e6900c4.edc.linde.grp
CWD16,MLGFRA10SB125,MLGFRA10SB125.obelix.lds.grp,10.139.118.208,SLES,15-SP6,6.4.0-150600.23.30-default,19.28,S8E,S8E_25_DB,SAP_DB,10.139.112.252,lindbs8e2500c4.edc.linde.grp
CWD16,MLGFRA10SB133,MLGFRA10SB133.obelix.lds.grp,10.139.118.138,SLES,15-SP6,6.4.0-150600.23.30-default,19.28,GDB,GDB_53_DB,SAP_DB,10.139.113.58,lindbgdb5300c4.edc.linde.grp
CWD16,MLGFRA10SB145,MLGFRA10SB145.obelix.lds.grp,10.139.118.218,SLES,15-SP6,6.4.0-150600.23.30-default,201.41,P01,P01_20_DB,SAP_DB,10.139.113.40,lindbp012000c4.edc.linde.grp
CWD16,MLGFRA10SB146,MLGFRA10SB146.obelix.lds.grp,10.139.119.26,SLES,15-SP4,5.14.21-150400.24.122-default,565.60,GPA,GPA_70_DB,SAP_DB,10.139.113.109,lindbgpa7000c4.edc.linde.grp
CWD16,MLGFRA10SB152,MLGFRA10SB152.obelix.lds.grp,10.139.118.224,SLES,15-SP6,6.4.0-150600.23.30-default,25.18,P6E,P6E_45_DB,SAP_DB,10.139.112.255,lindbp6e4500c4.edc.linde.grp
CWD16,MLGFRA10SB164,MLGFRA10SB164.obelix.lds.grp,10.139.118.181,SLES,15-SP6,6.4.0-150600.23.30-default,39.89,T03,T03_27_DB,SAP_DB,10.139.113.14,lindbt032700c4.edc.linde.grp
CWD16,MLGFRA10SB134,MLGFRA10SB134.obelix.lds.grp,10.139.118.184,SLES,15-SP6,6.4.0-150600.23.30-default,34.98,PGU,PGU_83_DB,SAP_DB,10.139.112.159,lindbpgu8300c4.edc.linde.grp
CWD16,MLGFRA10SB143,MLGFRA10SB143.obelix.lds.grp,10.139.118.191,SLES,15-SP6,6.4.0-150600.23.30-default,187.63,GPB,GPB_61_DB,SAP_DB,10.139.113.96,lindbgpb6100c4.edc.linde.grp
CWD16,MLGFRA10SB167,MLGFRA10SB167.obelix.lds.grp,10.139.118.215,SLES,15-SP6,6.4.0-150600.23.30-default,19.28,DSL,DSL_34_DB,SAP_DB,10.139.112.121,lindbdsl3400c4.edc.linde.grp
CWD16,MLGFRA10SB163,MLGFRA10SB163.obelix.lds.grp,10.139.118.252,SLES,15-SP6,6.4.0-150600.23.30-default,19.27,GDA,GDA_50_DB,SAP_DB,10.139.113.34,lindbgda5000c4.edc.linde.grp
CWD16,MLGFRA10SB168,MLGFRA10SB168.obelix.lds.grp,10.139.118.140,SLES,15-SP6,6.4.0-150600.23.30-default,19.27,DVG,DVG_35_DB,SAP_DB,10.139.112.124,lindbdvg3500c4.edc.linde.grp
CWD16,MLGFRA10SB162,MLGFRA10SB162.obelix.lds.grp,10.139.118.151,SLES,15-SP6,6.4.0-150600.23.30-default,19.28,DGU,DGU_49_DB,SAP_DB,10.139.112.118,lindbdgu4900c4.edc.linde.grp
CWD16,MLGFRA10SB150,MLGFRA10SB150.obelix.lds.grp,10.139.118.187,SLES,15-SP6,6.4.0-150600.23.30-default,33.99,S2E,S2E_63_DB,SAP_DB,10.139.112.172,lindbs2e6300c4.edc.linde.grp
CWD16,MLGFRA10SB169,MLGFRA10SB169.obelix.lds.grp,10.139.118.136,SLES,15-SP6,6.4.0-150600.23.30-default,19.28,DEG,DEG_56_DB,SAP_DB,10.139.113.24,lindbdeg5600c4.edc.linde.grp
CWD16,MLGFRA10SB166,MLGFRA10SB166.obelix.lds.grp,10.139.118.153,SLES,15-SP6,6.4.0-150600.23.30-default,20.26,DGH,DGH_12_DB,SAP_DB,10.139.112.203,lindbdgh1200c4.edc.linde.grp
CWD16,MLGFRA10SB130,MLGFRA10SB130.obelix.lds.grp,10.139.118.164,SLES,15-SP6,6.4.0-150600.23.30-default,19.28,TGE,TGE_15_DB,SAP_DB,10.139.112.175,lindbtge1500c4.edc.linde.grp
CWD16,MLGFRA10SB165,MLGFRA10SB165.obelix.lds.grp,10.139.118.169,SLES,15-SP6,6.4.0-150600.23.30-default,19.28,D03,D03_28_DB,SAP_DB,10.139.112.230,lindbd032800c4.edc.linde.grp
CWD16,MLGFRA10SB154,MLGFRA10SB154.obelix.lds.grp,10.139.118.209,SLES,15-SP6,6.4.0-150600.23.30-default,62.54,S9E,S9E_32_DB,SAP_DB,10.139.112.133,lindbs9e3200c4.edc.linde.grp
CWD16,MLGFRA10SB170,MLGFRA10SB170.obelix.lds.grp,10.139.118.130,SLES,15-SP6,6.4.0-150600.23.30-default,24.19,DBG,DBG_08_DB,SAP_DB,10.139.113.21,lindbdbg0800c4.edc.linde.grp
CWD16,MLGFRA10SB174,MLGFRA10SB174.obelix.lds.grp,10.139.118.144,SLES,15-SP6,6.4.0-150600.23.30-default,38.91,REA,REA_54_DB,SAP_DB,10.139.113.50,lindbrea5400c4.edc.linde.grp
CWD16,MLGFRA10SB155,MLGFRA10SB155.obelix.lds.grp,10.139.118.168,SLES,15-SP6,6.4.0-150600.23.30-default,19.28,GQB,GQB_63_DB,SAP_DB,10.139.113.90,lindbgqb6300c4.edc.linde.grp
CWD16,MLGFRA10SB172,MLGFRA10SB172.obelix.lds.grp,10.139.118.254,SLES,15-SP6,6.4.0-150600.23.30-default,14.38,RJ1,RJ1_18_JD,SAP_JD,10.139.113.30,linjdrj11800c4.edc.linde.grp
CWD16,MLGFRA10SB176,MLGFRA10SB176.obelix.lds.grp,10.139.118.199,SLES,15-SP6,6.4.0-150600.23.30-default,19.28,DSG,DSG_50_DB,SAP_DB,10.139.112.178,lindbdsg5000c4.edc.linde.grp
CWD16,MLGFRA10SB180,MLGFRA10SB180.obelix.lds.grp,10.139.119.6,SLES,15-SP4,5.14.21-150400.24.122-default,30.08,PJ1,PJ1_11_JD,SAP_JD,10.139.113.80,linjdpj11100c4.edc.linde.grp
CWD16,MLGFRA10SB175,MLGFRA10SB175.obelix.lds.grp,10.139.118.202,SLES,15-SP6,6.4.0-150600.23.30-default,19.28,RBA,RBA_37_DB,SAP_DB,10.139.113.54,lindbrba3700c4.edc.linde.grp
CWD16,MLGFRA10SB182,MLGFRA10SB182.obelix.lds.grp,10.139.118.250,SLES,15-SP6,6.4.0-150600.23.30-default,19.28,DJ0,DJ0_06_JD,SAP_JD,10.139.112.249,linjddj00600.edc.linde.grp
CWD16,MLGFRA10SB190,MLGFRA10SB190.obelix.lds.grp,10.139.118.205,SLES,15-SP6,6.4.0-150600.23.30-default,20.26,MD1,MD1_67_JC,SAP_JC,10.139.112.186,linjcmd16700.edc.linde.grp
CWD16,MLGFRA10SB190,MLGFRA10SB190.obelix.lds.grp,10.139.118.205,SLES,15-SP6,6.4.0-150600.23.30-default,20.26,MD1,MD1_52_GS,SAP_GS,10.139.112.185,lingsmd15200.edc.linde.grp
CWD16,MLGFRA10SB187,MLGFRA10SB187.obelix.lds.grp,10.139.119.9,SLES,15-SP4,5.14.21-150400.24.122-default,45.78,PJ0,PJ0_11_JD,SAP_JD,10.139.113.104,linjdpj01100.edc.linde.grp
CWD13,MLGFRA10SB196,MLGFRA10SB196.obelix.lds.grp,10.139.80.222,SLES,15-SP6,6.4.0-150600.23.30-default,9.46,DGC,DGC_01_SY,SAP_SY,10.139.82.35,lindbdgc0100c4.edc.linde.grp
CWD16,MLGFRA10SB179,MLGFRA10SB179.obelix.lds.grp,10.139.118.235,SLES,15-SP6,6.4.0-150600.23.30-default,24.20,PSL,PSL_36_DB,SAP_DB,10.139.112.155,lindbpsl3600c4.edc.linde.grp
CWD16,MLGFRA10SB185,MLGFRA10SB185.obelix.lds.grp,10.139.118.233,SLES,15-SP6,6.4.0-150600.23.30-default,19.28,QSG,QSG_54_DB,SAP_DB,10.139.112.212,lindbqsg5400c4.edc.linde.grp
CWD16,MLGFRA10SB188,MLGFRA10SB188.obelix.lds.grp,10.139.118.171,SLES,15-SP6,6.4.0-150600.23.30-default,147.27,PEA,PEA_62_DB,SAP_DB,10.139.113.67,lindbpea6200c4.edc.linde.grp
CWD13,MLGFRA10SB199,MLGFRA10SB199.obelix.lds.grp,10.139.80.228,SLES,15-SP6,6.4.0-150600.23.30-default,14.38,QGC,QGC_16_AC,SAP_AC,10.139.82.49,linacqgc1600.edc.linde.grp
CWD13,MLGFRA10SB199,MLGFRA10SB199.obelix.lds.grp,10.139.80.228,SLES,15-SP6,6.4.0-150600.23.30-default,14.38,QGC,QGC_17_CI,SAP_CI,10.139.82.50,linciqgc1700.edc.linde.grp
CWD13,MLGFRA10SB197,MLGFRA10SB197.obelix.lds.grp,10.139.80.227,SLES,15-SP6,6.4.0-150600.23.30-default,9.46,QGC,QGC_17_SY,SAP_SY,10.139.82.51,lindbqgc1700c4.edc.linde.grp
CWD16,MLGFRA10SB192,MLGFRA10SB192.obelix.lds.grp,10.139.118.231,SLES,15-SP6,6.4.0-150600.23.30-default,66.48,MQQ,MQQ_66_JC,SAP_JC,10.139.112.211,linjcmqq6600.edc.linde.grp
CWD16,MLGFRA10SB192,MLGFRA10SB192.obelix.lds.grp,10.139.118.231,SLES,15-SP6,6.4.0-150600.23.30-default,66.48,MQQ,MQQ_72_GS,SAP_GS,10.139.112.210,lingsmqq7200.edc.linde.grp
CWD13,MLGFRA10SB200,MLGFRA10SB200.obelix.lds.grp,10.139.80.223,SLES,15-SP6,6.4.0-150600.23.30-default,9.45,DGC,DGC_00_AC,SAP_AC,10.139.82.33,linacdgc0000.edc.linde.grp
CWD13,MLGFRA10SB200,MLGFRA10SB200.obelix.lds.grp,10.139.80.223,SLES,15-SP6,6.4.0-150600.23.30-default,9.45,DGC,DGC_01_CI,SAP_CI,10.139.82.34,lincidgc0100.edc.linde.grp
CWD16,MLGFRA10SB184,MLGFRA10SB184.obelix.lds.grp,10.139.119.1,SLES,15-SP6,6.4.0-150600.23.30-default,19.27,RJ0,RJ0_18_JD,SAP_JD,10.139.113.99,linjdrj01800.edc.linde.grp
CWD13,MLGFRA10SB203,MLGFRA10SB203.obelix.lds.grp,10.139.81.40,SLES,15-SP6,6.4.0-150600.23.30-default,11.42,RJY,RJY_01_WD,SAP_WD,10.139.83.0,linwdrjy0100.edc.linde.grp
CWD16,MLGFRA10SB181,MLGFRA10SB181.obelix.lds.grp,10.139.118.227,SLES,15-SP6,6.4.0-150600.23.30-default,74.34,PBA,PBA_48_DB,SAP_DB,10.139.113.76,lindbpba4800c4.edc.linde.grp
CWD16,MLGFRA10SB178,MLGFRA10SB178.obelix.lds.grp,10.139.118.143,SLES,15-SP6,6.4.0-150600.23.30-default,33.99,PVG,PVG_31_DB,SAP_DB,10.139.112.200,lindbpvg3100c4.edc.linde.grp
CWD16,MLGFRA10SB193,MLGFRA10SB193.obelix.lds.grp,10.139.118.241,SLES,15-SP6,6.4.0-150600.23.30-default,19.28,QSJ,QSJ_56_JD,SAP_JD,10.139.112.215,linjdqsj5600c4.edc.linde.grp
CWD16,MLGFRA10SB191,MLGFRA10SB191.obelix.lds.grp,10.139.118.229,SLES,15-SP6,6.4.0-150600.23.30-default,20.26,MQ1,MQ1_68_GS,SAP_GS,10.139.112.207,lingsmq16800.edc.linde.grp
CWD13,MLGFRA10SB201,MLGFRA10SB201.obelix.lds.grp,10.139.80.250,SLES,15-SP6,6.4.0-150600.23.30-default,265.38,PGC,PGC_68_AP,SAP_AP,10.139.83.18,linappgc6800.edc.linde.grp
CWD13,MLGFRA10SB207,MLGFRA10SB207.obelix.lds.grp,10.139.80.213,SLES,15-SP4,5.14.21-150400.24.122-default,32.99,DGG,DGG_26_SY,SAP_SY,10.139.82.5,lindbdgg2600c4.edc.linde.grp
CWD13,MLGFRA10SB207,MLGFRA10SB207.obelix.lds.grp,10.139.80.213,SLES,15-SP4,5.14.21-150400.24.122-default,32.99,DGG,DGG_27_AC,SAP_AC,10.139.82.3,linacdgg2700.edc.linde.grp
CWD13,MLGFRA10SB207,MLGFRA10SB207.obelix.lds.grp,10.139.80.213,SLES,15-SP4,5.14.21-150400.24.122-default,32.99,DGG,DGG_26_CI,SAP_CI,10.139.82.4,lincidgg2600.edc.linde.grp
CWD13,MLGFRA10SB202,MLGFRA10SB202.obelix.lds.grp,10.139.81.4,SLES,15-SP6,6.4.0-150600.23.30-default,14.38,PGC,PGC_67_DB,SAP_DB,10.139.83.15,lindbpgc6700c4.edc.linde.grp
CWD13,MLGFRA10SB204,MLGFRA10SB204.obelix.lds.grp,10.139.81.39,SLES,15-SP6,6.4.0-150600.23.30-default,11.42,RJX,RJX_01_WD,SAP_WD,10.139.82.250,linwdrjx0100.edc.linde.grp
CWD13,MLGFRA10SB205,MLGFRA10SB205.obelix.lds.grp,10.139.81.26,SLES,15-SP6,6.4.0-150600.23.30-default,7.50,DJW,DJW_01_WD,SAP_WD,10.139.82.233,linwddjw0100.edc.linde.grp
CWD13,MLGFRA10SB208,MLGFRA10SB208.obelix.lds.grp,10.139.80.231,SLES,15-SP4,5.14.21-150400.24.122-default,60.55,QGG,QGG_02_AC,SAP_AC,10.139.82.132,linacqgg0200.edc.linde.grp
CWD13,MLGFRA10SB208,MLGFRA10SB208.obelix.lds.grp,10.139.80.231,SLES,15-SP4,5.14.21-150400.24.122-default,60.55,QGG,QGG_01_DB,SAP_DB,10.139.82.134,lindbqgg0100c4.edc.linde.grp
CWD13,MLGFRA10SB208,MLGFRA10SB208.obelix.lds.grp,10.139.80.231,SLES,15-SP4,5.14.21-150400.24.122-default,60.55,QGG,QGG_01_CI,SAP_CI,10.139.82.133,linciqgg0100.edc.linde.grp
CWD13,MLGFRA10SB198,MLGFRA10SB198.obelix.lds.grp,10.139.80.249,SLES,15-SP6,6.4.0-150600.23.30-default,265.38,PGC,PGC_67_CI,SAP_CI,10.139.83.17,lincipgc6700.edc.linde.grp
CWD13,MLGFRA10SB198,MLGFRA10SB198.obelix.lds.grp,10.139.80.249,SLES,15-SP6,6.4.0-150600.23.30-default,265.38,PGC,PGC_66_AC,SAP_AC,10.139.83.16,linacpgc6600.edc.linde.grp
CWD13,MLGFRA10SB206,MLGFRA10SB206.obelix.lds.grp,10.139.80.243,SLES,15-SP4,5.14.21-150400.24.122-default,57.60,PGG,PGG_01_SY,SAP_SY,10.139.82.173,lindbpgg0100c4.edc.linde.grp
CWD13,MLGFRA10SB206,MLGFRA10SB206.obelix.lds.grp,10.139.80.243,SLES,15-SP4,5.14.21-150400.24.122-default,57.60,PGG,PGG_01_CI,SAP_CI,10.139.82.172,lincipgg0100.edc.linde.grp
CWD13,MLGFRA10SB206,MLGFRA10SB206.obelix.lds.grp,10.139.80.243,SLES,15-SP4,5.14.21-150400.24.122-default,57.60,PGG,PGG_02_AC,SAP_AC,10.139.82.171,linacpgg0200.edc.linde.grp
CWD16,MLGFRA10SB186,MLGFRA10SB186.obelix.lds.grp,10.139.119.7,SLES,15-SP6,6.4.0-150600.23.30-default,132.51,PSG,PSG_10_DB,SAP_DB,10.139.112.223,lindbpsg1000c4.edc.linde.grp
CWD13,MLGFRA10SB209,MLGFRA10SB209.obelix.lds.grp,10.139.81.0,SLES,15-SP6,6.4.0-150600.23.30-default,15.36,DQG,DQG_29_CI,SAP_CI,10.139.82.9,lincidqg2900.edc.linde.grp
CWD13,MLGFRA10SB209,MLGFRA10SB209.obelix.lds.grp,10.139.81.0,SLES,15-SP6,6.4.0-150600.23.30-default,15.36,DQG,DQG_30_AC,SAP_AC,10.139.82.8,linacdqg3000.edc.linde.grp
CWD13,MLGFRA10SB209,MLGFRA10SB209.obelix.lds.grp,10.139.81.0,SLES,15-SP6,6.4.0-150600.23.30-default,15.36,DQG,DQG_29_DB,SAP_DB,10.139.82.10,lindbdqg2900c4.edc.linde.grp
CWD13,MLGFRA10SB210,MLGFRA10SB210.obelix.lds.grp,10.139.81.24,SLES,15-SP6,6.4.0-150600.23.30-default,31.08,PQE,PQE_34_AC,SAP_AC,10.139.82.61,linacpqe3400.edc.linde.grp
CWD13,MLGFRA10SB210,MLGFRA10SB210.obelix.lds.grp,10.139.81.24,SLES,15-SP6,6.4.0-150600.23.30-default,31.08,PQE,PQE_33_SY,SAP_SY,10.139.82.60,lindbpqe3300c4.edc.linde.grp
CWD13,MLGFRA10SB210,MLGFRA10SB210.obelix.lds.grp,10.139.81.24,SLES,15-SP6,6.4.0-150600.23.30-default,31.08,PQE,PQE_33_CI,SAP_CI,10.139.82.59,lincipqe3300.edc.linde.grp
CWD13,MLGFRA10SB213,MLGFRA10SB213.obelix.lds.grp,10.139.81.42,SLES,15-SP6,6.4.0-150600.23.30-default,38.92,GDU,GDU_65_SY,SAP_SY,10.139.82.48,lindbgdu6500c4.edc.linde.grp
CWD13,MLGFRA10SB213,MLGFRA10SB213.obelix.lds.grp,10.139.81.42,SLES,15-SP6,6.4.0-150600.23.30-default,38.92,GDU,GDU_65_CI,SAP_CI,10.139.82.47,lincigdu6500.edc.linde.grp
CWD13,MLGFRA10SB213,MLGFRA10SB213.obelix.lds.grp,10.139.81.42,SLES,15-SP6,6.4.0-150600.23.30-default,38.92,GDU,GDU_64_AC,SAP_AC,10.139.82.46,linacgdu6400.edc.linde.grp
CWD16,MLGFRA10SB221,MLGFRA10SB221.obelix.lds.grp,10.139.118.139,SLES,15-SP6,6.4.0-150600.23.30-default,9.46,GDB,GDB_16_AC,SAP_AC,10.139.113.59,linacgdb1600.edc.linde.grp
CWD16,MLGFRA10SB221,MLGFRA10SB221.obelix.lds.grp,10.139.118.139,SLES,15-SP6,6.4.0-150600.23.30-default,9.46,GDB,GDB_53_CI,SAP_CI,10.139.113.60,lincigdb5300.edc.linde.grp
CWD13,MLGFRA10SB211,MLGFRA10SB211.obelix.lds.grp,10.139.81.5,SLES,15-SP6,6.4.0-150600.23.30-default,26.17,QQE,QQE_33_AC,SAP_AC,10.139.82.41,linacqqe3300.edc.linde.grp
CWD13,MLGFRA10SB211,MLGFRA10SB211.obelix.lds.grp,10.139.81.5,SLES,15-SP6,6.4.0-150600.23.30-default,26.17,QQE,QQE_32_SY,SAP_SY,10.139.82.42,lindbqqe3200c4.edc.linde.grp
CWD13,MLGFRA10SB211,MLGFRA10SB211.obelix.lds.grp,10.139.81.5,SLES,15-SP6,6.4.0-150600.23.30-default,26.17,QQE,QQE_32_CI,SAP_CI,10.139.82.40,linciqqe3200.edc.linde.grp
CWD16,MLGFRA10SB220,MLGFRA10SB220.obelix.lds.grp,10.139.118.253,SLES,15-SP6,6.4.0-150600.23.30-default,19.27,GDA,GDA_50_CI,SAP_CI,10.139.113.36,lincigda5000.edc.linde.grp
CWD16,MLGFRA10SB220,MLGFRA10SB220.obelix.lds.grp,10.139.118.253,SLES,15-SP6,6.4.0-150600.23.30-default,19.27,GDA,GDA_16_AC,SAP_AC,10.139.113.35,linacgda1600.edc.linde.grp
CWD13,MLGFRA10SB215,MLGFRA10SB215.obelix.lds.grp,10.139.81.2,SLES,15-SP6,6.4.0-150600.23.30-default,33.01,D41,D41_69_AC,SAP_AC,10.139.82.114,linacd416900.edc.linde.grp
CWD13,MLGFRA10SB215,MLGFRA10SB215.obelix.lds.grp,10.139.81.2,SLES,15-SP6,6.4.0-150600.23.30-default,33.01,D41,D41_70_JD,SAP_JD,10.139.82.116,linjdd417000c4.edc.linde.grp
CWD13,MLGFRA10SB215,MLGFRA10SB215.obelix.lds.grp,10.139.81.2,SLES,15-SP6,6.4.0-150600.23.30-default,33.01,D41,D41_70_JI,SAP_JI,10.139.82.115,linjid417000.edc.linde.grp
CWD13,MLGFRA10SB223,MLGFRA10SB223.obelix.lds.grp,10.139.80.206,SLES,15-SP6,6.4.0-150600.23.30-default,28.13,DYG,DYG_79_AC,SAP_AC,10.139.82.37,linacdyg7900.edc.linde.grp
CWD13,MLGFRA10SB223,MLGFRA10SB223.obelix.lds.grp,10.139.80.206,SLES,15-SP6,6.4.0-150600.23.30-default,28.13,DYG,DYG_78_SY,SAP_SY,10.139.82.38,lindbdyg7800c4.edc.linde.grp
CWD13,MLGFRA10SB223,MLGFRA10SB223.obelix.lds.grp,10.139.80.206,SLES,15-SP6,6.4.0-150600.23.30-default,28.13,DY0,DY0_61_GS,SAP_GS,10.139.82.39,lingsdy06100.edc.linde.grp
CWD13,MLGFRA10SB223,MLGFRA10SB223.obelix.lds.grp,10.139.80.206,SLES,15-SP6,6.4.0-150600.23.30-default,28.13,DYG,DYG_78_CI,SAP_CI,10.139.82.36,lincidyg7800.edc.linde.grp
CWD13,MLGFRA10SB227,MLGFRA10SB227.obelix.lds.grp,10.139.80.232,SLES,15-SP6,6.4.0-150600.23.30-default,31.09,QYG,QYG_93_CI,SAP_CI,10.139.82.52,linciqyg9300.edc.linde.grp
CWD13,MLGFRA10SB227,MLGFRA10SB227.obelix.lds.grp,10.139.80.232,SLES,15-SP6,6.4.0-150600.23.30-default,31.09,QYG,QYG_94_AC,SAP_AC,10.139.82.53,linacqyg9400.edc.linde.grp
CWD13,MLGFRA10SB227,MLGFRA10SB227.obelix.lds.grp,10.139.80.232,SLES,15-SP6,6.4.0-150600.23.30-default,31.09,QY0,QY0_62_GS,SAP_GS,10.139.82.55,lingsqy06200.edc.linde.grp
CWD13,MLGFRA10SB227,MLGFRA10SB227.obelix.lds.grp,10.139.80.232,SLES,15-SP6,6.4.0-150600.23.30-default,31.09,QYG,QYG_93_DB,SAP_DB,10.139.82.54,lindbqyg9300c4.edc.linde.grp
CWD13,MLGFRA10SB233,MLGFRA10SB233.obelix.lds.grp,10.139.81.54,SLES,15-SP6,6.4.0-150600.23.30-default,38.92,GPU,GPU_66_DB,SAP_DB,10.139.82.57,lindbgpu6600c4.edc.linde.grp
CWD13,MLGFRA10SB233,MLGFRA10SB233.obelix.lds.grp,10.139.81.54,SLES,15-SP6,6.4.0-150600.23.30-default,38.92,GPU,GPU_67_AC,SAP_AC,10.139.82.58,linacgpu6700.edc.linde.grp
CWD13,MLGFRA10SB233,MLGFRA10SB233.obelix.lds.grp,10.139.81.54,SLES,15-SP6,6.4.0-150600.23.30-default,38.92,GPU,GPU_66_CI,SAP_CI,10.139.82.56,lincigpu6600.edc.linde.grp
CWD16,MLGFRA10SB216,MLGFRA10SB216.obelix.lds.grp,10.139.118.161,SLES,15-SP6,6.4.0-150600.23.30-default,19.28,D03,D03_28_CI,SAP_CI,10.139.112.232,lincid032800.edc.linde.grp
CWD16,MLGFRA10SB216,MLGFRA10SB216.obelix.lds.grp,10.139.118.161,SLES,15-SP6,6.4.0-150600.23.30-default,19.28,D03,D03_29_AC,SAP_AC,10.139.112.231,linacd032900.edc.linde.grp
CWD16,MLGFRA10SB239,MLGFRA10SB239.obelix.lds.grp,10.139.119.5,SLES,15-SP6,6.4.0-150600.23.30-default,42.85,GQA,GQA_60_CI,SAP_CI,10.139.113.29,lincigqa6000.edc.linde.grp
CWD16,MLGFRA10SB239,MLGFRA10SB239.obelix.lds.grp,10.139.119.5,SLES,15-SP6,6.4.0-150600.23.30-default,42.85,GQA,GQA_16_AC,SAP_AC,10.139.113.28,linacgqa1600.edc.linde.grp
CWD16,MLGFRA10SB241,MLGFRA10SB241.obelix.lds.grp,10.139.118.217,SLES,15-SP6,6.4.0-150600.23.30-default,12.41,DSL,DSL_34_CI,SAP_CI,10.139.112.122,lincidsl3400.edc.linde.grp
CWD16,MLGFRA10SB241,MLGFRA10SB241.obelix.lds.grp,10.139.118.217,SLES,15-SP6,6.4.0-150600.23.30-default,12.41,DSL,DSL_35_AC,SAP_AC,10.139.112.123,linacdsl3500.edc.linde.grp
CWD16,MLGFRA10SB217,MLGFRA10SB217.obelix.lds.grp,10.139.118.170,SLES,15-SP6,6.4.0-150600.23.30-default,9.45,GQB,GQB_63_CI,SAP_CI,10.139.113.92,lincigqb6300.edc.linde.grp
CWD16,MLGFRA10SB217,MLGFRA10SB217.obelix.lds.grp,10.139.118.170,SLES,15-SP6,6.4.0-150600.23.30-default,9.45,GQB,GQB_16_AC,SAP_AC,10.139.113.91,linacgqb1600.edc.linde.grp
CWD16,MLGFRA10SB243,MLGFRA10SB243.obelix.lds.grp,10.139.118.135,SLES,15-SP6,6.4.0-150600.23.30-default,19.27,DBG,DBG_08_CI,SAP_CI,10.139.113.22,lincidbg0800.edc.linde.grp
CWD16,MLGFRA10SB243,MLGFRA10SB243.obelix.lds.grp,10.139.118.135,SLES,15-SP6,6.4.0-150600.23.30-default,19.27,DBG,DBG_07_AC,SAP_AC,10.139.113.23,linacdbg0700.edc.linde.grp
CWD16,MLGFRA10SB228,MLGFRA10SB228.obelix.lds.grp,10.139.118.210,SLES,15-SP6,6.4.0-150600.23.30-default,9.46,S9E,S9E_32_CI,SAP_CI,10.139.112.135,lincis9e3200.edc.linde.grp
CWD16,MLGFRA10SB228,MLGFRA10SB228.obelix.lds.grp,10.139.118.210,SLES,15-SP6,6.4.0-150600.23.30-default,9.46,S9E,S9E_16_AC,SAP_AC,10.139.112.134,linacs9e1600.edc.linde.grp
CWD16,MLGFRA10SB242,MLGFRA10SB242.obelix.lds.grp,10.139.118.141,SLES,15-SP6,6.4.0-150600.23.30-default,9.46,DVG,DVG_36_AC,SAP_AC,10.139.112.125,linacdvg3600.edc.linde.grp
CWD16,MLGFRA10SB242,MLGFRA10SB242.obelix.lds.grp,10.139.118.141,SLES,15-SP6,6.4.0-150600.23.30-default,9.46,DVG,DVG_35_CI,SAP_CI,10.139.112.126,lincidvg3500.edc.linde.grp
CWD16,MLGFRA10SB240,MLGFRA10SB240.obelix.lds.grp,10.139.118.182,SLES,15-SP6,6.4.0-150600.23.30-default,17.31,T03,T03_27_AC,SAP_AC,10.139.113.15,linact032700.edc.linde.grp
CWD16,MLGFRA10SB240,MLGFRA10SB240.obelix.lds.grp,10.139.118.182,SLES,15-SP6,6.4.0-150600.23.30-default,17.31,T03,T03_27_CI,SAP_CI,10.139.113.16,lincit032700.edc.linde.grp
CWD16,MLGFRA10SB247,MLGFRA10SB247.obelix.lds.grp,10.139.118.192,SLES,15-SP6,6.4.0-150600.23.30-default,88.13,GPB,GPB_16_AC,SAP_AC,10.139.113.97,linacgpb1600.edc.linde.grp
CWD16,MLGFRA10SB247,MLGFRA10SB247.obelix.lds.grp,10.139.118.192,SLES,15-SP6,6.4.0-150600.23.30-default,88.13,GPB,GPB_61_CI,SAP_CI,10.139.113.98,lincigpb6100.edc.linde.grp
CWD16,MLGFRA10SB245,MLGFRA10SB245.obelix.lds.grp,10.139.118.137,SLES,15-SP6,6.4.0-150600.23.30-default,15.36,DEG,DEG_56_CI,SAP_CI,10.139.113.25,lincideg5600.edc.linde.grp
CWD16,MLGFRA10SB245,MLGFRA10SB245.obelix.lds.grp,10.139.118.137,SLES,15-SP6,6.4.0-150600.23.30-default,15.36,DEG,DEG_16_AC,SAP_AC,10.139.113.26,linacdeg1600.edc.linde.grp
CWD16,MLGFRA10SB232,MLGFRA10SB232.obelix.lds.grp,10.139.118.207,SLES,15-SP6,6.4.0-150600.23.30-default,18.29,S8E,S8E_25_CI,SAP_CI,10.139.112.254,lincis8e2500.edc.linde.grp
CWD16,MLGFRA10SB232,MLGFRA10SB232.obelix.lds.grp,10.139.118.207,SLES,15-SP6,6.4.0-150600.23.30-default,18.29,S8E,S8E_16_AC,SAP_AC,10.139.112.253,linacs8e1600.edc.linde.grp
CWD13,MLGFRA10SB254,MLGFRA10SB254.obelix.lds.grp,10.139.80.204,SLES,15-SP6,6.4.0-150600.23.30-default,22.23,D50,D50_11_JD,SAP_JD,10.139.82.2,linjdd501100c4.edc.linde.grp
CWD13,MLGFRA10SB254,MLGFRA10SB254.obelix.lds.grp,10.139.80.204,SLES,15-SP6,6.4.0-150600.23.30-default,22.23,D50,D50_10_JC,SAP_JC,10.139.82.0,linjcd501000.edc.linde.grp
CWD13,MLGFRA10SB254,MLGFRA10SB254.obelix.lds.grp,10.139.80.204,SLES,15-SP6,6.4.0-150600.23.30-default,22.23,D50,D50_11_JI,SAP_JI,10.139.82.1,linjid501100.edc.linde.grp
CWD16,MLGFRA10SB235,MLGFRA10SB235.obelix.lds.grp,10.139.118.156,SLES,15-SP6,6.4.0-150600.23.30-default,14.38,DGE,DGE_16_AC,SAP_AC,10.139.112.116,linacdge1600.edc.linde.grp
CWD16,MLGFRA10SB235,MLGFRA10SB235.obelix.lds.grp,10.139.118.156,SLES,15-SP6,6.4.0-150600.23.30-default,14.38,DGE,DGE_10_CI,SAP_CI,10.139.112.115,lincidge1000.edc.linde.grp
CWD13,MLGFRA10SB255,MLGFRA10SB255.obelix.lds.grp,10.139.80.226,SLES,15-SP6,6.4.0-150600.23.30-default,34.98,Q50,Q50_02_JI,SAP_JI,10.139.82.23,linjiq500200.edc.linde.grp
CWD13,MLGFRA10SB255,MLGFRA10SB255.obelix.lds.grp,10.139.80.226,SLES,15-SP6,6.4.0-150600.23.30-default,34.98,Q50,Q50_01_JI,SAP_JI,10.139.82.22,linjiq500100.edc.linde.grp
CWD13,MLGFRA10SB255,MLGFRA10SB255.obelix.lds.grp,10.139.80.226,SLES,15-SP6,6.4.0-150600.23.30-default,34.98,Q50,Q50_03_JC,SAP_JC,10.139.82.21,linjcq500300.edc.linde.grp
CWD13,MLGFRA10SB255,MLGFRA10SB255.obelix.lds.grp,10.139.80.226,SLES,15-SP6,6.4.0-150600.23.30-default,34.98,Q50,Q50_01_JD,SAP_JD,10.139.82.24,linjdq500100c4.edc.linde.grp
CWD13,MLGFRA10SB244,MLGFRA10SB244.obelix.lds.grp,10.139.80.238,SLES,15-SP6,6.4.0-150600.23.30-default,19.28,DB0,DB0_68_JC,SAP_JC,10.139.82.244,linjcdb06800.edc.linde.grp
CWD13,MLGFRA10SB244,MLGFRA10SB244.obelix.lds.grp,10.139.80.238,SLES,15-SP6,6.4.0-150600.23.30-default,19.28,DB0,DB0_68_JD,SAP_JD,10.139.82.246,linjddb06800c4.edc.linde.grp
CWD13,MLGFRA10SB244,MLGFRA10SB244.obelix.lds.grp,10.139.80.238,SLES,15-SP6,6.4.0-150600.23.30-default,19.28,DB0,DB0_09_JI,SAP_JI,10.139.82.245,linjidb00900.edc.linde.grp
CWD13,MLGFRA10SB212,MLGFRA10SB212.obelix.lds.grp,10.139.80.233,SLES,15-SP6,6.4.0-150600.23.30-default,31.09,HCG,HCG_20_HD,SAP_HD,10.139.82.65,linhdhcg2000.edc.linde.grp
CWD16,MLGFRA10SB251,MLGFRA10SB251.obelix.lds.grp,10.139.118.152,SLES,15-SP6,6.4.0-150600.23.30-default,9.46,DGU,DGU_16_AC,SAP_AC,10.139.112.120,linacdgu1600.edc.linde.grp
CWD16,MLGFRA10SB251,MLGFRA10SB251.obelix.lds.grp,10.139.118.152,SLES,15-SP6,6.4.0-150600.23.30-default,9.46,DGU,DGU_49_CI,SAP_CI,10.139.112.119,lincidgu4900.edc.linde.grp
CWD13,MLGFRA10SB224,MLGFRA10SB224.obelix.lds.grp,10.139.81.7,SLES,15-SP4,5.14.21-150400.24.122-default,32.99,Q41,Q41_80_JD,SAP_JD,10.139.82.131,linjdq418000c4.edc.linde.grp
CWD13,MLGFRA10SB224,MLGFRA10SB224.obelix.lds.grp,10.139.81.7,SLES,15-SP4,5.14.21-150400.24.122-default,32.99,Q41,Q41_80_JI,SAP_JI,10.139.82.130,linjiq418000.edc.linde.grp
CWD13,MLGFRA10SB224,MLGFRA10SB224.obelix.lds.grp,10.139.81.7,SLES,15-SP4,5.14.21-150400.24.122-default,32.99,Q41,Q41_79_AC,SAP_AC,10.139.82.129,linacq417900.edc.linde.grp
CWD16,MLGFRA10SB257,MLGFRA10SB257.obelix.lds.grp,10.139.118.255,SLES,15-SP6,6.4.0-150600.23.30-default,17.31,RJ1,RJ1_18_JI,SAP_JI,10.139.113.32,linjirj11800.edc.linde.grp
CWD16,MLGFRA10SB257,MLGFRA10SB257.obelix.lds.grp,10.139.118.255,SLES,15-SP6,6.4.0-150600.23.30-default,17.31,RJ1,RJ1_19_JC,SAP_JC,10.139.113.31,linjcrj11900.edc.linde.grp
CWD16,MLGFRA10SB258,MLGFRA10SB258.obelix.lds.grp,10.139.119.0,SLES,15-SP6,6.4.0-150600.23.30-default,17.31,RJ1,RJ1_21_JI,SAP_JI,10.139.113.33,linjirj12100.edc.linde.grp
CWD16,MLGFRA10SB263,MLGFRA10SB263.obelix.lds.grp,10.139.118.203,SLES,15-SP6,6.4.0-150600.23.30-default,15.36,RBA,RBA_37_CI,SAP_CI,10.139.113.55,lincirba3700.edc.linde.grp
CWD16,MLGFRA10SB263,MLGFRA10SB263.obelix.lds.grp,10.139.118.203,SLES,15-SP6,6.4.0-150600.23.30-default,15.36,RBA,RBA_36_AC,SAP_AC,10.139.113.56,linacrba3600.edc.linde.grp
CWD16,MLGFRA10SB265,MLGFRA10SB265.obelix.lds.grp,10.139.118.146,SLES,15-SP6,6.4.0-150600.23.30-default,26.16,REA,REA_54_CI,SAP_CI,10.139.113.51,lincirea5400.edc.linde.grp
CWD13,MLGFRA10SB264,MLGFRA10SB264.obelix.lds.grp,10.139.80.255,SLES,15-SP6,6.4.0-150600.23.30-default,19.28,RB3,RB3_38_JI,SAP_JI,10.139.82.248,linjirb33800.edc.linde.grp
CWD13,MLGFRA10SB264,MLGFRA10SB264.obelix.lds.grp,10.139.80.255,SLES,15-SP6,6.4.0-150600.23.30-default,19.28,RB3,RB3_38_JD,SAP_JD,10.139.82.249,linjdrb33800c4.edc.linde.grp
CWD13,MLGFRA10SB264,MLGFRA10SB264.obelix.lds.grp,10.139.80.255,SLES,15-SP6,6.4.0-150600.23.30-default,19.28,RB3,RB3_57_JC,SAP_JC,10.139.82.247,linjcrb35700.edc.linde.grp
CWD13,MLGFRA10SB275,MLGFRA10SB275.obelix.lds.grp,10.139.81.15,SLES,15-SP4,5.14.21-150400.24.122-default,38.90,P41,P41_10_JI,SAP_JI,10.139.82.212,linjip411000.edc.linde.grp
CWD13,MLGFRA10SB275,MLGFRA10SB275.obelix.lds.grp,10.139.81.15,SLES,15-SP4,5.14.21-150400.24.122-default,38.90,P41,P41_10_JD,SAP_JD,10.139.82.213,linjdp411000c4.edc.linde.grp
CWD13,MLGFRA10SB275,MLGFRA10SB275.obelix.lds.grp,10.139.81.15,SLES,15-SP4,5.14.21-150400.24.122-default,38.90,P41,P41_09_AC,SAP_AC,10.139.82.211,linacp410900.edc.linde.grp
CWD16,MLGFRA10SB267,MLGFRA10SB267.obelix.lds.grp,10.139.118.200,SLES,15-SP6,6.4.0-150600.23.30-default,33.99,DSG,DSG_49_AC,SAP_AC,10.139.112.180,linacdsg4900.edc.linde.grp
CWD16,MLGFRA10SB267,MLGFRA10SB267.obelix.lds.grp,10.139.118.200,SLES,15-SP6,6.4.0-150600.23.30-default,33.99,DSG,DSG_50_CI,SAP_CI,10.139.112.179,lincidsg5000.edc.linde.grp
CWD13,MLGFRA10SB274,MLGFRA10SB274.obelix.lds.grp,10.139.80.221,SLES,15-SP6,6.4.0-150600.23.30-default,31.09,PWI,PWI_01_CI,SAP_CI,10.139.82.11,lincipwi0100.edc.linde.grp
CWD13,MLGFRA10SB278,MLGFRA10SB278.obelix.lds.grp,10.139.81.12,SLES,15-SP4,5.14.21-150400.24.122-default,33.98,P41,P41_12_JI,SAP_JI,10.139.82.215,linjip411200.edc.linde.grp
CWD13,MLGFRA10SB279,MLGFRA10SB279.obelix.lds.grp,10.139.81.13,SLES,15-SP4,5.14.21-150400.24.122-default,33.98,P41,P41_13_JI,SAP_JI,10.139.82.216,linjip411300.edc.linde.grp
CWD13,MLGFRA10SB277,MLGFRA10SB277.obelix.lds.grp,10.139.81.11,SLES,15-SP4,5.14.21-150400.24.122-default,33.98,P41,P41_11_JI,SAP_JI,10.139.82.214,linjip411100.edc.linde.grp
CWD16,MLGFRA10SB276,MLGFRA10SB276.obelix.lds.grp,10.139.118.225,SLES,15-SP6,6.4.0-150600.23.30-default,26.17,P6E,P6E_16_AC,SAP_AC,10.139.113.0,linacp6e1600.edc.linde.grp
CWD16,MLGFRA10SB276,MLGFRA10SB276.obelix.lds.grp,10.139.118.225,SLES,15-SP6,6.4.0-150600.23.30-default,26.17,P6E,P6E_45_CI,SAP_CI,10.139.113.1,lincip6e4500.edc.linde.grp
CWD16,MLGFRA10SB266,MLGFRA10SB266.obelix.lds.grp,10.139.118.147,SLES,15-SP6,6.4.0-150600.23.30-default,20.26,REA,REA_16_AP,SAP_AP,10.139.113.53,linaprea1600.edc.linde.grp
CWD13,MLGFRA10SB280,MLGFRA10SB280.obelix.lds.grp,10.139.81.14,SLES,15-SP4,5.14.21-150400.24.122-default,33.98,P41,P41_14_JI,SAP_JI,10.139.82.217,linjip411400.edc.linde.grp
CWD16,MLGFRA10SB281,MLGFRA10SB281.obelix.lds.grp,10.139.118.238,SLES,15-SP6,6.4.0-150600.23.30-default,14.38,P9E,P9E_27_AP,SAP_AP,10.139.112.197,linapp9e2700.edc.linde.grp
CWD16,MLGFRA10SB286,MLGFRA10SB286.obelix.lds.grp,10.139.118.240,SLES,15-SP6,6.4.0-150600.23.30-default,29.12,P9E,P9E_12_AP,SAP_AP,10.139.112.199,linapp9e1200.edc.linde.grp
CWD16,MLGFRA10SB283,MLGFRA10SB283.obelix.lds.grp,10.139.118.242,SLES,15-SP6,6.4.0-150600.23.30-default,24.20,P9E,P9E_24_CI,SAP_CI,10.139.112.195,lincip9e2400.edc.linde.grp
CWD16,MLGFRA10SB283,MLGFRA10SB283.obelix.lds.grp,10.139.118.242,SLES,15-SP6,6.4.0-150600.23.30-default,24.20,P9E,P9E_16_AC,SAP_AC,10.139.112.194,linacp9e1600.edc.linde.grp
CWD16,MLGFRA10SB290,MLGFRA10SB290.obelix.lds.grp,10.139.118.220,SLES,15-SP6,6.4.0-150600.23.30-default,42.85,P01,P01_21_AP,SAP_AP,10.139.113.43,linapp012100.edc.linde.grp
CWD16,MLGFRA10SB295,MLGFRA10SB295.obelix.lds.grp,10.139.118.145,SLES,15-SP6,6.4.0-150600.23.30-default,43.83,PVG,PVG_31_CI,SAP_CI,10.139.112.202,lincipvg3100.edc.linde.grp
CWD16,MLGFRA10SB295,MLGFRA10SB295.obelix.lds.grp,10.139.118.145,SLES,15-SP6,6.4.0-150600.23.30-default,43.83,PVG,PVG_32_AC,SAP_AC,10.139.112.201,linacpvg3200.edc.linde.grp
CWD16,MLGFRA10SB282,MLGFRA10SB282.obelix.lds.grp,10.139.118.239,SLES,15-SP6,6.4.0-150600.23.30-default,33.99,P9E,P9E_67_AP,SAP_AP,10.139.112.198,linapp9e6700.edc.linde.grp
CWD16,MLGFRA10SB282,MLGFRA10SB282.obelix.lds.grp,10.139.118.239,SLES,15-SP6,6.4.0-150600.23.30-default,33.99,P9E,P9E_68_AP,SAP_AP,10.139.112.218,linapp9e6800.edc.linde.grp
CWD16,MLGFRA10SB294,MLGFRA10SB294.obelix.lds.grp,10.139.118.236,SLES,15-SP6,6.4.0-150600.23.30-default,14.38,PSL,PSL_36_CI,SAP_CI,10.139.112.156,lincipsl3600.edc.linde.grp
CWD16,MLGFRA10SB294,MLGFRA10SB294.obelix.lds.grp,10.139.118.236,SLES,15-SP6,6.4.0-150600.23.30-default,14.38,PSL,PSL_35_AC,SAP_AC,10.139.112.157,linacpsl3500.edc.linde.grp
CWD16,MLGFRA10SB292,MLGFRA10SB292.obelix.lds.grp,10.139.118.195,SLES,15-SP6,6.4.0-150600.23.30-default,43.84,P01,P01_23_AP,SAP_AP,10.139.113.45,linapp012300.edc.linde.grp
CWD13,MLGFRA10SB296,MLGFRA10SB296.obelix.lds.grp,10.139.80.207,SLES,15-SP6,6.4.0-150600.23.30-default,38.91,DMG,DMG_20_CI,SAP_CI,10.139.82.13,lincidmg2000.edc.linde.grp
CWD13,MLGFRA10SB296,MLGFRA10SB296.obelix.lds.grp,10.139.80.207,SLES,15-SP6,6.4.0-150600.23.30-default,38.91,DWI,DWI_01_CI,SAP_CI,10.139.82.12,lincidwi0100.edc.linde.grp
CWD16,MLGFRA10SB293,MLGFRA10SB293.obelix.lds.grp,10.139.118.196,SLES,15-SP6,6.4.0-150600.23.30-default,43.84,P01,P01_24_AP,SAP_AP,10.139.113.46,linapp012400.edc.linde.grp
CWD16,MLGFRA10SB302,MLGFRA10SB302.obelix.lds.grp,10.139.119.28,SLES,15-SP4,5.14.21-150400.24.122-default,133.48,GPA,GPA_78_AP,SAP_AP,10.139.113.113,linapgpa7800.edc.linde.grp
CWD16,MLGFRA10SB302,MLGFRA10SB302.obelix.lds.grp,10.139.119.28,SLES,15-SP4,5.14.21-150400.24.122-default,133.48,GPA,GPA_71_AP,SAP_AP,10.139.113.112,linapgpa7100.edc.linde.grp
CWD16,MLGFRA10SB289,MLGFRA10SB289.obelix.lds.grp,10.139.118.219,SLES,15-SP6,6.4.0-150600.23.30-default,38.92,P01,P01_21_AC,SAP_AC,10.139.113.41,linacp012100.edc.linde.grp
CWD16,MLGFRA10SB289,MLGFRA10SB289.obelix.lds.grp,10.139.118.219,SLES,15-SP6,6.4.0-150600.23.30-default,38.92,P01,P01_20_CI,SAP_CI,10.139.113.42,lincip012000.edc.linde.grp
CWD16,MLGFRA10SB299,MLGFRA10SB299.obelix.lds.grp,10.139.119.17,SLES,15-SP4,5.14.21-150400.24.122-default,24.18,PJ1,PJ1_28_JI,SAP_JI,10.139.113.83,linjipj12800.edc.linde.grp
CWD13,MLGFRA10SB300,MLGFRA10SB300.obelix.lds.grp,10.139.81.50,SLES,15-SP4,5.14.21-150400.24.122-default,11.41,PJX,PJX_01_WD,SAP_WD,10.139.82.251,linwdpjx0100.edc.linde.grp
CWD16,MLGFRA10SB288,MLGFRA10SB288.obelix.lds.grp,10.139.119.23,SLES,15-SP6,6.4.0-150600.23.30-default,62.53,P8E,P8E_16_AC,SAP_AC,10.139.113.4,linacp8e1600.edc.linde.grp
CWD16,MLGFRA10SB288,MLGFRA10SB288.obelix.lds.grp,10.139.119.23,SLES,15-SP6,6.4.0-150600.23.30-default,62.53,P8E,P8E_47_CI,SAP_CI,10.139.113.5,lincip8e4700.edc.linde.grp
CWD13,MLGFRA10SB301,MLGFRA10SB301.obelix.lds.grp,10.139.80.123,SLES,15-SP4,5.14.21-150400.24.122-default,6.50,PJY,PJY_01_WD,SAP_WD,10.139.83.9,linwdpjy0100.edc.linde.grp
CWD16,MLGFRA10SB298,MLGFRA10SB298.obelix.lds.grp,10.139.119.13,SLES,15-SP4,5.14.21-150400.24.122-default,24.18,PJ1,PJ1_11_JI,SAP_JI,10.139.113.82,linjipj11100.edc.linde.grp
CWD16,MLGFRA10SB298,MLGFRA10SB298.obelix.lds.grp,10.139.119.13,SLES,15-SP4,5.14.21-150400.24.122-default,24.18,PJ1,PJ1_12_JC,SAP_JC,10.139.113.81,linjcpj11200.edc.linde.grp
CWD16,MLGFRA10SB291,MLGFRA10SB291.obelix.lds.grp,10.139.118.221,SLES,15-SP6,6.4.0-150600.23.30-default,42.85,P01,P01_22_AP,SAP_AP,10.139.113.44,linapp012200.edc.linde.grp
CWD16,MLGFRA10SB314,MLGFRA10SB314.obelix.lds.grp,10.139.118.159,SLES,15-SP6,6.4.0-150600.23.30-default,9.46,SGU,SGU_16_AC,SAP_AC,10.139.112.153,linacsgu1600.edc.linde.grp
CWD16,MLGFRA10SB314,MLGFRA10SB314.obelix.lds.grp,10.139.118.159,SLES,15-SP6,6.4.0-150600.23.30-default,9.46,SGU,SGU_48_CI,SAP_CI,10.139.112.154,lincisgu4800.edc.linde.grp
CWD16,MLGFRA10SB305,MLGFRA10SB305.obelix.lds.grp,10.139.119.29,SLES,15-SP4,5.14.21-150400.24.122-default,133.48,GPA,GPA_79_AP,SAP_AP,10.139.113.117,linapgpa7900.edc.linde.grp
CWD16,MLGFRA10SB305,MLGFRA10SB305.obelix.lds.grp,10.139.119.29,SLES,15-SP4,5.14.21-150400.24.122-default,133.48,GPA,GPA_73_AP,SAP_AP,10.139.113.116,linapgpa7300.edc.linde.grp
CWD13,MLGFRA10SB317,MLGFRA10SB317.obelix.lds.grp,10.139.81.10,SLES,15-SP6,6.4.0-150600.23.30-default,24.19,PB3,PB3_44_JC,SAP_JC,10.139.82.252,linjcpb34400.edc.linde.grp
CWD13,MLGFRA10SB317,MLGFRA10SB317.obelix.lds.grp,10.139.81.10,SLES,15-SP6,6.4.0-150600.23.30-default,24.19,PB3,PB3_45_JI,SAP_JI,10.139.82.253,linjipb34500.edc.linde.grp
CWD13,MLGFRA10SB317,MLGFRA10SB317.obelix.lds.grp,10.139.81.10,SLES,15-SP6,6.4.0-150600.23.30-default,24.19,PB3,PB3_45_JD,SAP_JD,10.139.82.254,linjdpb34500c4.edc.linde.grp
CWD13,MLGFRA10SB306,MLGFRA10SB306.obelix.lds.grp,10.139.81.29,SLES,15-SP6,6.4.0-150600.23.30-default,14.38,P30,P30_36_JI,SAP_JI,10.139.82.202,linjip303600.edc.linde.grp
CWD13,MLGFRA10SB306,MLGFRA10SB306.obelix.lds.grp,10.139.81.29,SLES,15-SP6,6.4.0-150600.23.30-default,14.38,P30,P30_36_JD,SAP_JD,10.139.82.203,linjdp303600c4.edc.linde.grp
CWD13,MLGFRA10SB306,MLGFRA10SB306.obelix.lds.grp,10.139.81.29,SLES,15-SP6,6.4.0-150600.23.30-default,14.38,P30,P30_35_JC,SAP_JC,10.139.82.201,linjcp303500.edc.linde.grp
CWD13,MLGFRA10SB312,MLGFRA10SB312.obelix.lds.grp,10.139.81.1,SLES,15-SP6,6.4.0-150600.23.30-default,14.38,JD1,JD1_16_JC,SAP_JC,10.139.82.73,linjcjd11600.edc.linde.grp
CWD13,MLGFRA10SB312,MLGFRA10SB312.obelix.lds.grp,10.139.81.1,SLES,15-SP6,6.4.0-150600.23.30-default,14.38,JD1,JD1_11_JI,SAP_JI,10.139.82.74,linjijd11100.edc.linde.grp
CWD13,MLGFRA10SB312,MLGFRA10SB312.obelix.lds.grp,10.139.81.1,SLES,15-SP6,6.4.0-150600.23.30-default,14.38,JD1,JD1_11_JD,SAP_JD,10.139.82.75,linjdjd11100c4.edc.linde.grp
CWD16,MLGFRA10SB309,MLGFRA10SB309.obelix.lds.grp,10.139.118.228,SLES,15-SP6,6.4.0-150600.23.30-default,76.31,PBA,PBA_47_AC,SAP_AC,10.139.113.78,linacpba4700.edc.linde.grp
CWD16,MLGFRA10SB309,MLGFRA10SB309.obelix.lds.grp,10.139.118.228,SLES,15-SP6,6.4.0-150600.23.30-default,76.31,PBA,PBA_48_CI,SAP_CI,10.139.113.77,lincipba4800.edc.linde.grp
CWD16,MLGFRA10SB303,MLGFRA10SB303.obelix.lds.grp,10.139.119.30,SLES,15-SP4,5.14.21-150400.24.122-default,68.42,GPA,GPA_16_AC,SAP_AC,10.139.113.110,linacgpa1600.edc.linde.grp
CWD16,MLGFRA10SB303,MLGFRA10SB303.obelix.lds.grp,10.139.119.30,SLES,15-SP4,5.14.21-150400.24.122-default,68.42,GPA,GPA_70_CI,SAP_CI,10.139.113.111,lincigpa7000.edc.linde.grp
CWD13,MLGFRA10SB325,MLGFRA10SB325.obelix.lds.grp,10.139.81.41,SLES,15-SP6,6.4.0-150600.23.30-default,19.28,GDR,GDR_59_AC,SAP_AC,10.139.82.112,linacgdr5900.edc.linde.grp
CWD13,MLGFRA10SB325,MLGFRA10SB325.obelix.lds.grp,10.139.81.41,SLES,15-SP6,6.4.0-150600.23.30-default,19.28,GDR,GDR_58_AP,SAP_AP,10.139.82.113,linapgdr5800.edc.linde.grp
CWD16,MLGFRA10SB320,MLGFRA10SB320.obelix.lds.grp,10.139.118.251,SLES,15-SP6,6.4.0-150600.23.30-default,11.42,DJ0,DJ0_06_JI,SAP_JI,10.139.112.251,linjidj00600.edc.linde.grp
CWD16,MLGFRA10SB320,MLGFRA10SB320.obelix.lds.grp,10.139.118.251,SLES,15-SP6,6.4.0-150600.23.30-default,11.42,DJ0,DJ0_50_JC,SAP_JC,10.139.112.250,linjcdj0500.edc.linde.grp
CWD16,MLGFRA10SB315,MLGFRA10SB315.obelix.lds.grp,10.139.118.154,SLES,15-SP6,6.4.0-150600.23.30-default,15.36,DGH,DGH_16_AC,SAP_AC,10.139.112.204,linacdgh1600.edc.linde.grp
CWD16,MLGFRA10SB315,MLGFRA10SB315.obelix.lds.grp,10.139.118.154,SLES,15-SP6,6.4.0-150600.23.30-default,15.36,DGH,DGH_12_CI,SAP_CI,10.139.112.205,lincidgh1200.edc.linde.grp
CWD13,MLGFRA10SB328,MLGFRA10SB328.obelix.lds.grp,10.139.81.51,SLES,15-SP6,6.4.0-150600.23.30-default,15.36,JQR,JQR_70_JD,SAP_JD,10.139.82.160,linjdjqr7000c4.edc.linde.grp
CWD13,MLGFRA10SB328,MLGFRA10SB328.obelix.lds.grp,10.139.81.51,SLES,15-SP6,6.4.0-150600.23.30-default,15.36,JQR,JQR_71_JC,SAP_JC,10.139.82.158,linjcjqr7100.edc.linde.grp
CWD13,MLGFRA10SB328,MLGFRA10SB328.obelix.lds.grp,10.139.81.51,SLES,15-SP6,6.4.0-150600.23.30-default,15.36,JQR,JQR_70_JI,SAP_JI,10.139.82.159,linjijqr7000.edc.linde.grp
CWD16,MLGFRA10SB304,MLGFRA10SB304.obelix.lds.grp,10.139.119.31,SLES,15-SP4,5.14.21-150400.24.122-default,133.48,GPA,GPA_72_AP,SAP_AP,10.139.113.114,linapgpa7200.edc.linde.grp
CWD16,MLGFRA10SB304,MLGFRA10SB304.obelix.lds.grp,10.139.119.31,SLES,15-SP4,5.14.21-150400.24.122-default,133.48,GPA,GPA_75_AP,SAP_AP,10.139.113.115,linapgpa7500.edc.linde.grp
CWD13,MLGFRA10SB329,MLGFRA10SB329.obelix.lds.grp,10.139.81.45,SLES,15-SP6,6.4.0-150600.23.30-default,15.36,JDR,JDR_60_JD,SAP_JD,10.139.82.119,linjdjdr6000c4.edc.linde.grp
CWD13,MLGFRA10SB329,MLGFRA10SB329.obelix.lds.grp,10.139.81.45,SLES,15-SP6,6.4.0-150600.23.30-default,15.36,JDR,JDR_60_JI,SAP_JI,10.139.82.118,linjijdr6000.edc.linde.grp
CWD13,MLGFRA10SB329,MLGFRA10SB329.obelix.lds.grp,10.139.81.45,SLES,15-SP6,6.4.0-150600.23.30-default,15.36,JDR,JDR_61_JC,SAP_JC,10.139.82.117,linjcjdr6100.edc.linde.grp
CWD16,MLGFRA10SB316,MLGFRA10SB316.obelix.lds.grp,10.139.118.162,SLES,15-SP6,6.4.0-150600.23.30-default,19.28,AGH,AGH_16_AC,SAP_AC,10.139.113.19,linacagh1600.edc.linde.grp
CWD16,MLGFRA10SB316,MLGFRA10SB316.obelix.lds.grp,10.139.118.162,SLES,15-SP6,6.4.0-150600.23.30-default,19.28,AGH,AGH_58_CI,SAP_CI,10.139.113.20,linciagh5800.edc.linde.grp
CWD13,MLGFRA10SB330,MLGFRA10SB330.obelix.lds.grp,10.139.81.52,SLES,15-SP6,6.4.0-150600.23.30-default,24.20,GQR,GQR_68_AP,SAP_AP,10.139.82.155,linapgqr6800.edc.linde.grp
CWD13,MLGFRA10SB330,MLGFRA10SB330.obelix.lds.grp,10.139.81.52,SLES,15-SP6,6.4.0-150600.23.30-default,24.20,GQR,GQR_69_AC,SAP_AC,10.139.82.154,linacgqr6900.edc.linde.grp
CWD13,MLGFRA10SB326,MLGFRA10SB326.obelix.lds.grp,10.139.81.23,SLES,15-SP6,6.4.0-150600.23.30-default,16.32,VD4,VD4_07_AC,SAP_AC,10.139.82.121,linacvd40700.edc.linde.grp
CWD13,MLGFRA10SB326,MLGFRA10SB326.obelix.lds.grp,10.139.81.23,SLES,15-SP6,6.4.0-150600.23.30-default,16.32,VD4,VD4_08_CI,SAP_CI,10.139.82.122,lincivd40800.edc.linde.grp
CWD13,MLGFRA10SB308,MLGFRA10SB308.obelix.lds.grp,10.139.80.242,SLES,15-SP6,6.4.0-150600.23.30-default,68.44,PY0,PY0_63_GS,SAP_GS,10.139.82.72,lingspy06300.edc.linde.grp
CWD13,MLGFRA10SB308,MLGFRA10SB308.obelix.lds.grp,10.139.80.242,SLES,15-SP6,6.4.0-150600.23.30-default,68.44,PYG,PYG_76_SY,SAP_SY,10.139.82.71,lindbpyg7600c4.edc.linde.grp
CWD13,MLGFRA10SB308,MLGFRA10SB308.obelix.lds.grp,10.139.80.242,SLES,15-SP6,6.4.0-150600.23.30-default,68.44,PYG,PYG_77_AC,SAP_AC,10.139.82.70,linacpyg7700.edc.linde.grp
CWD13,MLGFRA10SB308,MLGFRA10SB308.obelix.lds.grp,10.139.80.242,SLES,15-SP6,6.4.0-150600.23.30-default,68.44,PYG,PYG_76_CI,SAP_CI,10.139.82.69,lincipyg7600.edc.linde.grp
CWD13,MLGFRA10SB334,MLGFRA10SB334.obelix.lds.grp,10.139.80.217,SLES,15-SP6,6.4.0-150600.23.30-default,78.28,PMG,PMG_22_CI,SAP_CI,10.139.82.197,lincipmg2200.edc.linde.grp
CWD16,MLGFRA10SB338,MLGFRA10SB338.obelix.lds.grp,10.139.119.2,SLES,15-SP6,6.4.0-150600.23.30-default,17.31,RJ0,RJ0_18_JI,SAP_JI,10.139.113.101,linjirj01800.edc.linde.grp
CWD16,MLGFRA10SB338,MLGFRA10SB338.obelix.lds.grp,10.139.119.2,SLES,15-SP6,6.4.0-150600.23.30-default,17.31,RJ0,RJ0_19_JC,SAP_JC,10.139.113.100,linjcrj01900.edc.linde.grp
CWD16,MLGFRA10SB332,MLGFRA10SB332.obelix.lds.grp,10.139.118.198,SLES,15-SP6,6.4.0-150600.23.30-default,54.67,PGH,PGH_16_AC,SAP_AC,10.139.113.48,linacpgh1600.edc.linde.grp
CWD16,MLGFRA10SB332,MLGFRA10SB332.obelix.lds.grp,10.139.118.198,SLES,15-SP6,6.4.0-150600.23.30-default,54.67,PGH,PGH_59_CI,SAP_CI,10.139.113.49,lincipgh5900.edc.linde.grp
CWD16,MLGFRA10SB341,MLGFRA10SB341.obelix.lds.grp,10.139.118.189,SLES,15-SP6,6.4.0-150600.23.30-default,13.39,S2E,S2E_16_AC,SAP_AC,10.139.112.173,linacs2e1600.edc.linde.grp
CWD16,MLGFRA10SB341,MLGFRA10SB341.obelix.lds.grp,10.139.118.189,SLES,15-SP6,6.4.0-150600.23.30-default,13.39,S2E,S2E_63_CI,SAP_CI,10.139.112.174,lincis2e6300.edc.linde.grp
CWD16,MLGFRA10SB331,MLGFRA10SB331.obelix.lds.grp,10.139.118.185,SLES,15-SP6,6.4.0-150600.23.30-default,27.15,PGU,PGU_83_CI,SAP_CI,10.139.112.160,lincipgu8300.edc.linde.grp
CWD16,MLGFRA10SB331,MLGFRA10SB331.obelix.lds.grp,10.139.118.185,SLES,15-SP6,6.4.0-150600.23.30-default,27.15,PGU,PGU_16_AC,SAP_AC,10.139.112.161,linacpgu1600.edc.linde.grp
CWD13,MLGFRA10SB336,MLGFRA10SB336.obelix.lds.grp,10.139.80.216,SLES,15-SP6,6.4.0-150600.23.30-default,30.10,PM0,PM0_89_JI,SAP_JI,10.139.82.107,linjipm08900.edc.linde.grp
CWD13,MLGFRA10SB337,MLGFRA10SB337.obelix.lds.grp,10.139.80.218,SLES,15-SP6,6.4.0-150600.23.30-default,78.28,PMG,PMG_23_AP,SAP_AP,10.139.82.199,linappmg2300.edc.linde.grp
CWD13,MLGFRA10SB344,MLGFRA10SB344.obelix.lds.grp,10.139.80.246,SLES,15-SP6,6.4.0-150600.23.30-default,38.92,P50,P50_07_JI,SAP_JI,10.139.83.2,linjip500700.edc.linde.grp
CWD13,MLGFRA10SB344,MLGFRA10SB344.obelix.lds.grp,10.139.80.246,SLES,15-SP6,6.4.0-150600.23.30-default,38.92,P50,P50_07_JD,SAP_JD,10.139.83.3,linjdp500700c4.edc.linde.grp
CWD13,MLGFRA10SB344,MLGFRA10SB344.obelix.lds.grp,10.139.80.246,SLES,15-SP6,6.4.0-150600.23.30-default,38.92,P50,P50_09_JC,SAP_JC,10.139.83.1,linjcp500900.edc.linde.grp
CWD13,MLGFRA10SB345,MLGFRA10SB345.obelix.lds.grp,10.139.80.245,SLES,15-SP6,6.4.0-150600.23.30-default,21.24,P50,P50_08_JI,SAP_JI,10.139.83.4,linjip500800.edc.linde.grp
CWD13,MLGFRA10SB347,MLGFRA10SB347.obelix.lds.grp,10.139.81.60,SLES,15-SP6,6.4.0-150600.23.30-default,40.88,JPR,JPR_90_JD,SAP_JD,10.139.82.141,linjdjpr9000c4.edc.linde.grp
CWD13,MLGFRA10SB347,MLGFRA10SB347.obelix.lds.grp,10.139.81.60,SLES,15-SP6,6.4.0-150600.23.30-default,40.88,JPR,JPR_90_JI,SAP_JI,10.139.82.140,linjijpr9000.edc.linde.grp
CWD13,MLGFRA10SB347,MLGFRA10SB347.obelix.lds.grp,10.139.81.60,SLES,15-SP6,6.4.0-150600.23.30-default,40.88,JPR,JPR_91_JC,SAP_JC,10.139.82.139,linjcjpr9100.edc.linde.grp
CWD13,MLGFRA10SB335,MLGFRA10SB335.obelix.lds.grp,10.139.80.220,SLES,15-SP6,6.4.0-150600.23.30-default,5.53,PMW,PMW_63_WD,SAP_WD,10.139.82.200,linwdpmw6300.edc.linde.grp
CWD16,MLGFRA10SB339,MLGFRA10SB339.obelix.lds.grp,10.139.119.3,SLES,15-SP6,6.4.0-150600.23.30-default,17.31,RJ0,RJ0_20_JR,SAP_JR,10.139.113.102,linjrrj02000.edc.linde.grp
CWD16,MLGFRA10SB339,MLGFRA10SB339.obelix.lds.grp,10.139.119.3,SLES,15-SP6,6.4.0-150600.23.30-default,17.31,RJ0,RJ0_21_JI,SAP_JI,10.139.113.103,linjirj02100.edc.linde.grp
CWD13,MLGFRA10SB349,MLGFRA10SB349.obelix.lds.grp,10.139.81.61,SLES,15-SP6,6.4.0-150600.23.30-default,172.86,GPR,GPR_89_AC,SAP_AC,10.139.82.135,linacgpr8900.edc.linde.grp
CWD13,MLGFRA10SB349,MLGFRA10SB349.obelix.lds.grp,10.139.81.61,SLES,15-SP6,6.4.0-150600.23.30-default,172.86,GPR,GPR_88_AP,SAP_AP,10.139.82.136,linapgpr8800.edc.linde.grp
CWD13,MLGFRA10SB360,MLGFRA10SB360.obelix.lds.grp,10.139.81.47,SLES,15-SP6,6.4.0-150600.23.30-default,86.16,LPR,LPR_20_AP,SAP_AP,10.139.82.208,linaplpr2000.edc.linde.grp
CWD13,MLGFRA10SB361,MLGFRA10SB361.obelix.lds.grp,10.139.81.48,SLES,15-SP6,6.4.0-150600.23.30-default,86.16,LPR,LPR_30_AP,SAP_AP,10.139.82.209,linaplpr3000.edc.linde.grp
CWD16,MLGFRA10SB370,MLGFRA10SB370.obelix.lds.grp,10.139.119.12,SLES,15-SP4,5.14.21-150400.24.122-default,7.48,PJ0,PJ0_27_JR,SAP_JR,10.139.113.118,linjrpj02700.edc.linde.grp
CWD16,MLGFRA10SB370,MLGFRA10SB370.obelix.lds.grp,10.139.119.12,SLES,15-SP4,5.14.21-150400.24.122-default,7.48,PJ0,PJ0_12_JC,SAP_JC,10.139.113.108,linjcpj01200.edc.linde.grp
CWD16,MLGFRA10SB350,MLGFRA10SB350.obelix.lds.grp,10.139.118.234,SLES,15-SP6,6.4.0-150600.23.30-default,21.24,QSG,QSG_53_AC,SAP_AC,10.139.112.214,linacqsg5300.edc.linde.grp
CWD16,MLGFRA10SB350,MLGFRA10SB350.obelix.lds.grp,10.139.118.234,SLES,15-SP6,6.4.0-150600.23.30-default,21.24,QSG,QSG_54_CI,SAP_CI,10.139.112.213,linciqsg5400.edc.linde.grp
CWD13,MLGFRA10SB372,MLGFRA10SB372.obelix.lds.grp,10.139.81.19,SLES,15-SP6,6.4.0-150600.23.30-default,19.28,JP1,JP1_31_JI,SAP_JI,10.139.82.97,linjijp13100.edc.linde.grp
CWD13,MLGFRA10SB372,MLGFRA10SB372.obelix.lds.grp,10.139.81.19,SLES,15-SP6,6.4.0-150600.23.30-default,19.28,JP1,JP1_31_JD,SAP_JD,10.139.82.98,linjdjp13100c4.edc.linde.grp
CWD13,MLGFRA10SB372,MLGFRA10SB372.obelix.lds.grp,10.139.81.19,SLES,15-SP6,6.4.0-150600.23.30-default,19.28,JP1,JP1_81_JC,SAP_JC,10.139.82.96,linjcjp18100.edc.linde.grp
CWD16,MLGFRA10SB368,MLGFRA10SB368.obelix.lds.grp,10.139.119.10,SLES,15-SP4,5.14.21-150400.24.122-default,29.10,PJ0,PJ0_28_JI,SAP_JI,10.139.113.106,linjipj02800.edc.linde.grp
CWD13,MLGFRA10SB358,MLGFRA10SB358.obelix.lds.grp,10.139.81.36,SLES,15-SP6,6.4.0-150600.23.30-default,8.47,LPR,LPR_01_AC,SAP_AC,10.139.82.204,linaclpr0100.edc.linde.grp
CWD16,MLGFRA10SB362,MLGFRA10SB362.obelix.lds.grp,10.139.119.22,SLES,15-SP6,6.4.0-150600.23.30-default,127.59,PSG,PSG_11_AC,SAP_AC,10.139.112.224,linacpsg1100.edc.linde.grp
CWD16,MLGFRA10SB362,MLGFRA10SB362.obelix.lds.grp,10.139.119.22,SLES,15-SP6,6.4.0-150600.23.30-default,127.59,PSG,PSG_10_CI,SAP_CI,10.139.112.225,lincipsg1000.edc.linde.grp
CWD13,MLGFRA10SB359,MLGFRA10SB359.obelix.lds.grp,10.139.81.46,SLES,15-SP6,6.4.0-150600.23.30-default,86.16,LPR,LPR_10_AP,SAP_AP,10.139.82.207,linaplpr1000.edc.linde.grp
CWD16,MLGFRA10SB367,MLGFRA10SB367.obelix.lds.grp,10.139.119.8,SLES,15-SP4,5.14.21-150400.24.122-default,29.10,PJ0,PJ0_11_JI,SAP_JI,10.139.113.105,linjipj01100.edc.linde.grp
CWD16,MLGFRA10SB369,MLGFRA10SB369.obelix.lds.grp,10.139.119.11,SLES,15-SP4,5.14.21-150400.24.122-default,29.10,PJ0,PJ0_31_JI,SAP_JI,10.139.113.107,linjipj03100.edc.linde.grp
CWD16,MLGFRA10SB363,MLGFRA10SB363.obelix.lds.grp,10.139.119.21,SLES,15-SP6,6.4.0-150600.23.30-default,127.59,PSG,PSG_62_AP,SAP_AP,10.139.112.226,linappsg6200.edc.linde.grp
CWD16,MLGFRA10SB365,MLGFRA10SB365.obelix.lds.grp,10.139.118.249,SLES,15-SP6,6.4.0-150600.23.30-default,30.10,P2E,P2E_16_AC,SAP_AC,10.139.113.38,linacp2e1600.edc.linde.grp
CWD16,MLGFRA10SB365,MLGFRA10SB365.obelix.lds.grp,10.139.118.249,SLES,15-SP6,6.4.0-150600.23.30-default,30.10,P2E,P2E_69_CI,SAP_CI,10.139.113.39,lincip2e6900.edc.linde.grp
CWD16,MLGFRA10SB377,MLGFRA10SB377.obelix.lds.grp,10.139.118.174,SLES,15-SP6,6.4.0-150600.23.30-default,53.67,PEA,PEA_42_AP,SAP_AP,10.139.113.71,linappea4200.edc.linde.grp
CWD16,MLGFRA10SB378,MLGFRA10SB378.obelix.lds.grp,10.139.118.175,SLES,15-SP6,6.4.0-150600.23.30-default,53.67,PEA,PEA_47_AP,SAP_AP,10.139.113.72,linappea4700.edc.linde.grp
CWD16,MLGFRA10SB379,MLGFRA10SB379.obelix.lds.grp,10.139.118.176,SLES,15-SP6,6.4.0-150600.23.30-default,33.00,PEA,PEA_49_AP,SAP_AP,10.139.113.73,linappea4900.edc.linde.grp
CWD16,MLGFRA10SB376,MLGFRA10SB376.obelix.lds.grp,10.139.118.173,SLES,15-SP6,6.4.0-150600.23.30-default,53.67,PEA,PEA_43_AP,SAP_AP,10.139.113.70,linappea4300.edc.linde.grp
CWD16,MLGFRA10SB381,MLGFRA10SB381.obelix.lds.grp,10.139.118.178,SLES,15-SP6,6.4.0-150600.23.30-default,53.67,PEA,PEA_63_AP,SAP_AP,10.139.113.75,linappea6300.edc.linde.grp
CWD16,MLGFRA10SB380,MLGFRA10SB380.obelix.lds.grp,10.139.118.177,SLES,15-SP6,6.4.0-150600.23.30-default,33.99,PEA,PEA_65_AP,SAP_AP,10.139.113.74,linappea6500.edc.linde.grp
CWD13,MLGFRA10SB384,MLGFRA10SB384.obelix.lds.grp,10.139.80.240,SLES,15-SP6,6.4.0-150600.23.30-default,38.92,GPW,GPW_82_AP,SAP_AP,10.139.82.128,linapgpw8200.edc.linde.grp
CWD13,MLGFRA10SB384,MLGFRA10SB384.obelix.lds.grp,10.139.80.240,SLES,15-SP6,6.4.0-150600.23.30-default,38.92,GPW,GPW_83_AC,SAP_AC,10.139.82.127,linacgpw8300.edc.linde.grp
CWD13,MLGFRA10SB387,MLGFRA10SB387.obelix.lds.grp,10.139.81.16,SLES,15-SP6,6.4.0-150600.23.30-default,15.36,WNA,WNA_17_WD,SAP_WD,10.139.82.66,linwdwna1700.edc.linde.grp
CWD13,MLGFRA10SB383,MLGFRA10SB383.obelix.lds.grp,10.139.80.229,SLES,15-SP6,6.4.0-150600.23.30-default,19.28,GDW,GDW_72_AP,SAP_AP,10.139.82.125,linapgdw7200.edc.linde.grp
CWD13,MLGFRA10SB383,MLGFRA10SB383.obelix.lds.grp,10.139.80.229,SLES,15-SP6,6.4.0-150600.23.30-default,19.28,GDW,GDW_73_AC,SAP_AC,10.139.82.124,linacgdw7300.edc.linde.grp
CWD13,MLGFRA10SB388,MLGFRA10SB388.obelix.lds.grp,10.139.80.225,SLES,15-SP6,6.4.0-150600.23.30-default,54.67,DRG,DRG_39_AC,SAP_AC,10.139.82.180,linacdrg3900.edc.linde.grp
CWD13,MLGFRA10SB388,MLGFRA10SB388.obelix.lds.grp,10.139.80.225,SLES,15-SP6,6.4.0-150600.23.30-default,54.67,DRG,DRG_40_CI,SAP_CI,10.139.82.181,lincidrg4000.edc.linde.grp
CWD13,MLGFRA10SB388,MLGFRA10SB388.obelix.lds.grp,10.139.80.225,SLES,15-SP6,6.4.0-150600.23.30-default,54.67,DRG,DRG_40_SY,SAP_SY,10.139.82.182,lindbdrg4000c4.edc.linde.grp
CWD13,MLGFRA10SB386,MLGFRA10SB386.obelix.lds.grp,10.139.81.17,SLES,15-SP6,6.4.0-150600.23.30-default,15.36,WNB,WNB_18_WD,SAP_WD,10.139.82.95,linwdwnb1800.edc.linde.grp
CWD13,MLGFRA10SB373,MLGFRA10SB373.obelix.lds.grp,10.139.81.32,SLES,15-SP6,6.4.0-150600.23.30-default,52.69,VP4,VP4_32_AC,SAP_AC,10.139.82.149,linacvp43200.edc.linde.grp
CWD13,MLGFRA10SB373,MLGFRA10SB373.obelix.lds.grp,10.139.81.32,SLES,15-SP6,6.4.0-150600.23.30-default,52.69,VP4,VP4_33_CI,SAP_CI,10.139.82.150,lincivp43300.edc.linde.grp
CWD16,MLGFRA10SB375,MLGFRA10SB375.obelix.lds.grp,10.139.118.172,SLES,15-SP6,6.4.0-150600.23.30-default,35.96,PEA,PEA_16_AC,SAP_AC,10.139.113.69,linacpea1600.edc.linde.grp
CWD16,MLGFRA10SB375,MLGFRA10SB375.obelix.lds.grp,10.139.118.172,SLES,15-SP6,6.4.0-150600.23.30-default,35.96,PEA,PEA_62_CI,SAP_CI,10.139.113.68,lincipea6200.edc.linde.grp
CWD13,MLGFRA10SB391,MLGFRA10SB391.obelix.lds.grp,10.139.81.55,SLES,15-SP6,6.4.0-150600.23.30-default,4031.56,HPG,HPG_78_HD,SAP_HD,10.139.82.138,linhdhpg7801.edc.linde.grp
CWD13,MLGFRA10SB390,MLGFRA10SB390.obelix.lds.grp,10.139.80.237,SLES,15-SP6,6.4.0-150600.23.30-default,1007.61,PRH,PRH_30_HD,SAP_HD,10.139.82.225,linhdprh3001.edc.linde.grp
CWD16,MLGFRA10SB395,MLGFRA10SB395.obelix.lds.grp,10.139.118.247,SLES,15-SP6,6.4.0-150600.23.30-default,14.38,QSJ,QSJ_56_JI,SAP_JI,10.139.112.217,linjiqsj5600.edc.linde.grp
CWD16,MLGFRA10SB395,MLGFRA10SB395.obelix.lds.grp,10.139.118.247,SLES,15-SP6,6.4.0-150600.23.30-default,14.38,QSJ,QSJ_57_JC,SAP_JC,10.139.112.216,linjcqsj5700.edc.linde.grp
CWD13,MLGFRA10SB389,MLGFRA10SB389.obelix.lds.grp,10.139.80.239,SLES,15-SP6,6.4.0-150600.23.30-default,97.97,PRG,PRG_50_DB,SAP_DB,10.139.82.220,lindbprg5000c4.edc.linde.grp
CWD13,MLGFRA10SB389,MLGFRA10SB389.obelix.lds.grp,10.139.80.239,SLES,15-SP6,6.4.0-150600.23.30-default,97.97,PRG,PRG_50_CI,SAP_CI,10.139.82.219,linciprg5000.edc.linde.grp
CWD13,MLGFRA10SB389,MLGFRA10SB389.obelix.lds.grp,10.139.80.239,SLES,15-SP6,6.4.0-150600.23.30-default,97.97,PRG,PRG_49_AC,SAP_AC,10.139.82.218,linacprg4900.edc.linde.grp
CWD16,MLGFRA10SB394,MLGFRA10SB394.obelix.lds.grp,10.139.118.201,SLES,15-SP6,6.4.0-150600.23.30-default,14.38,DSJ,DSJ_87_JI,SAP_JI,10.139.112.183,linjidsj8700.edc.linde.grp
CWD16,MLGFRA10SB394,MLGFRA10SB394.obelix.lds.grp,10.139.118.201,SLES,15-SP6,6.4.0-150600.23.30-default,14.38,DSJ,DSJ_88_JC,SAP_JC,10.139.112.182,linjcdsj8800.edc.linde.grp
CWD13,MLGFRA10SB397,MLGFRA10SB397.obelix.lds.grp,10.139.81.62,SLES,15-SP6,6.4.0-150600.23.30-default,251.44,HQG,HQG_58_HD,SAP_HD,10.139.82.157,linhdhqg5801.edc.linde.grp
CWD13,MLGFRA10SB396,MLGFRA10SB396.obelix.lds.grp,10.139.80.224,SLES,15-SP6,6.4.0-150600.23.30-default,251.44,HDW,HDW_74_HD,SAP_HD,10.139.82.123,linhdhdw7401.edc.linde.grp
CWD13,MLGFRA10SB409,MLGFRA10SB409.obelix.lds.grp,10.139.81.37,SLES,15-SP6,6.4.0-150600.23.30-default,503.62,HP4,HP4_43_HD,SAP_HD,10.139.82.148,linhdhp44301.edc.linde.grp
CWD16,MLGFRA10SB392,MLGFRA10SB392.obelix.lds.grp,10.139.118.194,SLES,15-SP6,6.4.0-150600.23.30-default,9.46,P7E,P7E_16_AC,SAP_AC,10.139.113.94,linacp7e1600.edc.linde.grp
CWD16,MLGFRA10SB392,MLGFRA10SB392.obelix.lds.grp,10.139.118.194,SLES,15-SP6,6.4.0-150600.23.30-default,9.46,P7E,P7E_46_CI,SAP_CI,10.139.113.95,lincip7e4600.edc.linde.grp
CWD16,MLGFRA10SB407,MLGFRA10SB407.obelix.lds.grp,10.139.119.15,SLES,15-SP6,6.4.0-150600.23.30-default,74.34,MPP,MPP_89_GS,SAP_GS,10.139.112.222,lingsmpp8900.edc.linde.grp
CWD13,MLGFRA10SB399,MLGFRA10SB399.obelix.lds.grp,10.139.81.43,SLES,15-SP6,6.4.0-150600.23.30-default,251.44,HDG,HDG_60_HD,SAP_HD,10.139.82.111,linhdhdg6001.edc.linde.grp
CWD13,MLGFRA10SB405,MLGFRA10SB405.obelix.lds.grp,10.139.81.21,SLES,15-SP6,6.4.0-150600.23.30-default,251.44,HD4,HD4_18_HD,SAP_HD,10.139.82.120,linhdhd41801.edc.linde.grp
CWD13,MLGFRA10SB398,MLGFRA10SB398.obelix.lds.grp,10.139.80.241,SLES,15-SP6,6.4.0-150600.23.30-default,251.44,HPW,HPW_84_HD,SAP_HD,10.139.82.126,linhdhpw8401.edc.linde.grp
CWD13,MLGFRA10SB413,MLGFRA10SB413.obelix.lds.grp,10.139.80.219,SLES,15-SP6,6.4.0-150600.23.30-default,2015.59,PMH,PMH_02_HD,SAP_HD,10.139.82.198,linhdpmh0201.edc.linde.grp
CWD16,MLGFRA10SB411,MLGFRA10SB411.obelix.lds.grp,10.139.119.32,SLES,15-SP6,6.4.0-150600.23.30-default,38.91,PSJ,PSJ_70_JI,SAP_JI,10.139.112.229,linjipsj7000.edc.linde.grp
CWD16,MLGFRA10SB411,MLGFRA10SB411.obelix.lds.grp,10.139.119.32,SLES,15-SP6,6.4.0-150600.23.30-default,38.91,PSJ,PSJ_71_JC,SAP_JC,10.139.112.228,linjcpsj7100.edc.linde.grp
CWD13,MLGFRA10SB418,MLGFRA10SB418.obelix.lds.grp,10.139.81.25,SLES,15-SP6,6.4.0-150600.23.30-default,11.42,WPA,WPA_10_WD,SAP_WD,10.139.82.221,linwdwpa1000.edc.linde.grp
CWD13,MLGFRA10SB416,MLGFRA10SB416.obelix.lds.grp,10.139.81.53,SLES,15-SP6,6.4.0-150600.23.30-default,2015.59,HNP,HNP_75_HD,SAP_HD,10.139.82.164,linhdhnp7501.edc.linde.grp
CWD16,MLGFRA10SB408,MLGFRA10SB408.obelix.lds.grp,10.139.119.18,SLES,15-SP6,6.4.0-150600.23.30-default,29.12,MP1,MP1_04_GS,SAP_GS,10.139.112.220,lingsmp10400.edc.linde.grp
CWD13,MLGFRA10SB419,MLGFRA10SB419.obelix.lds.grp,10.139.81.44,SLES,15-SP6,6.4.0-150600.23.30-default,503.62,HPR,HPR_14_HD,SAP_HD,10.139.82.210,linhdhpr1401.edc.linde.grp
CWD13,MLGFRA10SB426,MLGFRA10SB426.obelix.lds.grp,10.139.81.8,SLES,15-SP6,6.4.0-150600.23.30-default,755.61,QFH,QFH_46_HD,SAP_HD,10.139.80.88,linhdqfh4601.edc.linde.grp
CWD13,MLGFRA10SB420,MLGFRA10SB420.obelix.lds.grp,10.139.81.30,SLES,15-SP6,6.4.0-150600.23.30-default,11.42,WPB,WPB_68_WD,SAP_WD,10.139.82.229,linwdwpb6800.edc.linde.grp
CWD13,MLGFRA10SB423,MLGFRA10SB423.obelix.lds.grp,10.139.80.254,SLES,15-SP6,6.4.0-150600.23.30-default,251.44,DFH,DFH_36_HD,SAP_HD,10.139.82.165,linhddfh3601.edc.linde.grp
CWD13,MLGFRA10SB402,MLGFRA10SB402.obelix.lds.grp,10.139.80.205,SLES,15-SP6,6.4.0-150600.23.30-default,251.60,DMH,DMH_01_HD,SAP_HD,10.139.82.15,linhddmh0101.edc.linde.grp
CWD13,MLGFRA10SB501,MLGFRA10SB501.obelix.lds.grp,10.139.81.18,SLES,15-SP6,6.4.0-150600.23.30-default,308.69,PFG,PFG_58_AP,SAP_AP,10.139.82.224,linappfg5800.edc.linde.grp
CWD13,MLGFRA10SB501,MLGFRA10SB501.obelix.lds.grp,10.139.81.18,SLES,15-SP6,6.4.0-150600.23.30-default,308.69,PFG,PFG_59_AC,SAP_AC,10.139.82.223,linacpfg5900.edc.linde.grp
CWD13,MLGFRA10SB422,MLGFRA10SB422.obelix.lds.grp,10.139.80.253,SLES,15-SP6,6.4.0-150600.23.30-default,18.29,DFG,DFG_38_AP,SAP_AP,10.139.82.179,linapdfg3800.edc.linde.grp
CWD13,MLGFRA10SB422,MLGFRA10SB422.obelix.lds.grp,10.139.80.253,SLES,15-SP6,6.4.0-150600.23.30-default,18.29,DFG,DFG_39_AC,SAP_AC,10.139.82.178,linacdfg3900.edc.linde.grp
CWD13,MLGFRA10SB500,MLGFRA10SB500.obelix.lds.grp,10.139.80.208,SLES,15-SP6,6.4.0-150600.23.30-default,14.38,DM0,DM0_87_JI,SAP_JI,10.139.82.7,linjidm08700.edc.linde.grp
CWD13,MLGFRA10SB500,MLGFRA10SB500.obelix.lds.grp,10.139.80.208,SLES,15-SP6,6.4.0-150600.23.30-default,14.38,DM0,DM0_86_JC,SAP_JC,10.139.82.6,linjcdm08600.edc.linde.grp
CWD16,MLGFRA10SB512,MLGFRA10SB512.obelix.lds.grp,10.139.118.206,SLES,15-SP6,6.4.0-150600.23.30-default,20.26,MD1,MD1_52_JD,SAP_JD,10.139.112.184,linjdmd15200c4.edc.linde.grp
CWD16,MLGFRA10SB513,MLGFRA10SB513.obelix.lds.grp,10.139.118.204,SLES,15-SP6,6.4.0-150600.23.30-default,19.28,DSJ,DSJ_87_JD,SAP_JD,10.139.112.181,linjddsj8700c4.edc.linde.grp
CWD13,MLGFRA10SB502,MLGFRA10SB502.obelix.lds.grp,10.139.81.20,SLES,15-SP6,6.4.0-150600.23.30-default,1511.61,PFH,PFH_56_HD,SAP_HD,10.139.82.222,linhdpfh5601.edc.linde.grp
CWD13,MLGFRA10SB425,MLGFRA10SB425.obelix.lds.grp,10.139.81.9,SLES,15-SP6,6.4.0-150600.23.30-default,166.78,QFG,QFG_48_AP,SAP_AP,10.139.82.196,linapqfg4800.edc.linde.grp
CWD13,MLGFRA10SB425,MLGFRA10SB425.obelix.lds.grp,10.139.81.9,SLES,15-SP6,6.4.0-150600.23.30-default,166.78,QFG,QFG_49_AC,SAP_AC,10.139.82.195,linacqfg4900.edc.linde.grp
CWD16,MLGFRA10SB507,MLGFRA10SB507.obelix.lds.grp,10.139.118.183,SLES,15-SP6,6.4.0-150600.23.30-default,29.12,PGL,PGL_84_LC,SAP_LC,10.139.112.158,linlcpgl8400.edc.linde.grp
CWD16,MLGFRA10SB518,MLGFRA10SB518.obelix.lds.grp,10.139.119.33,SLES,15-SP6,6.4.0-150600.23.30-default,19.27,PSJ,PSJ_70_JD,SAP_JD,10.139.112.227,linjdpsj7000c4.edc.linde.grp
CWD16,MLGFRA10SB517,MLGFRA10SB517.obelix.lds.grp,10.139.119.24,SLES,15-SP6,6.4.0-150600.23.30-default,19.27,MP1,MP1_04_JD,SAP_JD,10.139.112.219,linjdmp10400c4.edc.linde.grp
CWD16,MLGFRA10SB508,MLGFRA10SB508.obelix.lds.grp,10.139.118.157,SLES,15-SP6,6.4.0-150600.23.30-default,14.38,SGL,SGL_51_LC,SAP_LC,10.139.112.151,linlcsgl5100.edc.linde.grp
CWD16,MLGFRA10SB536,MLGFRA10SB536.obelix.lds.grp,10.139.118.142,SLES,15-SP6,6.4.0-150600.23.30-default,22.23,P7E,P7E_46_DB,SAP_DB,10.139.113.93,lindbp7e4600c4.edc.linde.grp
CWD16,MLGFRA10SB514,MLGFRA10SB514.obelix.lds.grp,10.139.118.232,SLES,15-SP6,6.4.0-150600.23.30-default,19.28,MQQ,MQQ_72_JD,SAP_JD,10.139.112.209,linjdmqq7200c4.edc.linde.grp
CWD13,MLGFRA10SB520,MLGFRA10SB520.obelix.lds.grp,10.139.80.159,SLES,15-SP6,6.4.0-150600.23.30-default,19.27,D42,D42_25_AC,SAP_AC,10.139.82.232,linacd422500.edc.linde.grp
CWD13,MLGFRA10SB520,MLGFRA10SB520.obelix.lds.grp,10.139.80.159,SLES,15-SP6,6.4.0-150600.23.30-default,19.27,D42,D42_24_CI,SAP_CI,10.139.82.230,lincid422400.edc.linde.grp
CWD13,MLGFRA10SB520,MLGFRA10SB520.obelix.lds.grp,10.139.80.159,SLES,15-SP6,6.4.0-150600.23.30-default,19.27,D42,D42_24_SY,SAP_SY,10.139.82.231,lindbd422400c4.edc.linde.grp
CWD16,MLGFRA10SB515,MLGFRA10SB515.obelix.lds.grp,10.139.118.230,SLES,15-SP6,6.4.0-150600.23.30-default,19.28,MQ1,MQ1_68_JD,SAP_JD,10.139.112.206,linjdmq16800c4.edc.linde.grp
CWD13,MLGFRA10SB538,MLGFRA10SB538.obelix.lds.grp,10.139.81.126,SLES,15-SP6,6.4.0-150600.23.30-default,4535.56,S3H,S3H_00_HD,SAP_HD,10.139.82.183,linhds3h0001.edc.linde.grp
CWD16,MLGFRA10SB541,MLGFRA10SB541.obelix.lds.grp,10.139.119.58,SLES,15-SP6,6.4.0-150600.23.30-default,251.60,S31,S31_69_DB,SAP_DB,10.139.112.114,lindbs316900c4.edc.linde.grp
CWD16,MLGFRA10SB540,MLGFRA10SB540.obelix.lds.grp,10.139.119.57,SLES,15-SP6,6.4.0-150600.23.30-default,188.61,S31,S31_16_AC,SAP_AC,10.139.112.127,linacs311600.edc.linde.grp
CWD16,MLGFRA10SB540,MLGFRA10SB540.obelix.lds.grp,10.139.119.57,SLES,15-SP6,6.4.0-150600.23.30-default,188.61,S31,S31_69_CI,SAP_CI,10.139.112.136,lincis316900.edc.linde.grp
CWD13,MLGFRA10SB537,MLGFRA10SB537.obelix.lds.grp,10.139.81.127,SLES,15-SP6,6.4.0-150600.23.30-default,322.47,S3A,S3A_69_CI,SAP_CI,10.139.82.184,lincis3a6900.edc.linde.grp
CWD13,MLGFRA10SB537,MLGFRA10SB537.obelix.lds.grp,10.139.81.127,SLES,15-SP6,6.4.0-150600.23.30-default,322.47,S3A,S3A_16_AC,SAP_AC,10.139.82.185,linacs3a1600.edc.linde.grp
CWD16,MLGFRA10SB539,MLGFRA10SB539.obelix.lds.grp,10.139.119.59,SLES,15-SP6,6.4.0-150600.23.30-default,188.61,S31,S31_70_AP,SAP_AP,10.139.112.147,linaps317000.edc.linde.grp
CWD16,MLGFRA10SB516,MLGFRA10SB516.obelix.lds.grp,10.139.119.16,SLES,15-SP6,6.4.0-150600.23.30-default,19.27,MPP,MPP_89_JD,SAP_JD,10.139.112.221,linjdmpp8900c4.edc.linde.grp
CWD13,MLGFRA10SB548,MLGFRA10SB548.obelix.lds.grp,10.139.81.129,SLES,15-SP6,6.4.0-150600.23.30-default,629.61,HX2,HX2_50_HD,SAP_HD,10.139.83.40,linhdhx25001.edc.linde.grp
CWD16,MLGFRA10SB550,MLGFRA10SB550.obelix.lds.grp,10.139.118.214,SLES,15-SP6,6.4.0-150600.23.30-default,21.24,MGH,MGH_12_DB,SAP_DB,10.139.112.150,lindbmgh1200c4.edc.linde.grp
CWD13,MLGFRA10SB546,MLGFRA10SB546.obelix.lds.grp,10.139.81.128,SLES,15-SP6,6.4.0-150600.23.30-default,62.54,Q9A,Q9A_25_AP,SAP_AP,10.139.83.28,linapq9a2500.edc.linde.grp
CWD16,MLGFRA10SB542,MLGFRA10SB542.obelix.lds.grp,10.139.118.148,SLES,15-SP6,6.4.0-150600.23.30-default,196.49,D0A,D0A_20_DB,SAP_DB,10.139.112.144,lindbd0a2000c4.edc.linde.grp
CWD16,MLGFRA10SB551,MLGFRA10SB551.obelix.lds.grp,10.139.118.149,SLES,15-SP6,6.4.0-150600.23.30-default,147.27,SB1,SB1_54_DB,SAP_DB,10.139.112.169,lindbsb15400c4.edc.linde.grp
CWD13,MLGFRA10SB543,MLGFRA10SB543.obelix.lds.grp,10.139.81.125,SLES,15-SP6,6.4.0-150600.23.30-default,62.54,D0A,D0A_20_CI,SAP_CI,10.139.83.27,lincid0a2000.edc.linde.grp
CWD13,MLGFRA10SB543,MLGFRA10SB543.obelix.lds.grp,10.139.81.125,SLES,15-SP6,6.4.0-150600.23.30-default,62.54,D0A,D0A_21_AC,SAP_AC,10.139.83.26,linacd0a2100.edc.linde.grp
CWD13,MLGFRA10SB547,MLGFRA10SB547.obelix.lds.grp,10.139.81.103,SLES,15-SP6,6.4.0-150600.23.30-default,166.78,VX2,VX2_60_CI,SAP_CI,10.139.83.29,lincivx26000.edc.linde.grp
CWD13,MLGFRA10SB547,MLGFRA10SB547.obelix.lds.grp,10.139.81.103,SLES,15-SP6,6.4.0-150600.23.30-default,166.78,VX2,VX2_49_AC,SAP_AC,10.139.83.37,linacvx24900.edc.linde.grp
CWD13,MLGFRA10SB556,MLGFRA10SB556.obelix.lds.grp,10.139.81.75,SLES,15-SP6,6.4.0-150600.23.30-default,503.62,S4H,S4H_00_HD,SAP_HD,10.139.82.62,linhds4h0001.edc.linde.grp
CWD16,MLGFRA10SB559,MLGFRA10SB559.obelix.lds.grp,10.139.118.226,SLES,15-SP6,6.4.0-150600.23.30-default,62.53,S41,S41_70_AP,SAP_AP,10.139.112.196,linaps417000.edc.linde.grp
CWD13,MLGFRA10SB554,MLGFRA10SB554.obelix.lds.grp,10.139.81.113,SLES,15-SP6,6.4.0-150600.23.30-default,1007.61,PGN,PGN_01_HD,SAP_HD,10.139.82.169,linhdpgn0101.edc.linde.grp
CWD16,MLGFRA10SB549,MLGFRA10SB549.obelix.lds.grp,10.139.118.211,SLES,15-SP6,6.4.0-150600.23.30-default,21.24,MGH,MGH_12_CI,SAP_CI,10.139.112.146,lincimgh1200.edc.linde.grp
CWD16,MLGFRA10SB549,MLGFRA10SB549.obelix.lds.grp,10.139.118.211,SLES,15-SP6,6.4.0-150600.23.30-default,21.24,MGH,MGH_16_AC,SAP_AC,10.139.112.145,linacmgh1600.edc.linde.grp
CWD13,MLGFRA10SB553,MLGFRA10SB553.obelix.lds.grp,10.139.81.114,SLES,15-SP6,6.4.0-150600.23.30-default,19.27,N/A,N/A,SAP_Server_FCI,10.139.82.166,SERVICE_IP not defined in DNS
CWD13,MLGFRA10SB562,MLGFRA10SB562.obelix.lds.grp,10.139.81.132,SLES,15-SP6,6.4.0-150600.23.30-default,31.09,X1A,X1A_01_AC,SAP_AC,10.139.83.43,linacx1a0100.edc.linde.grp
CWD13,MLGFRA10SB562,MLGFRA10SB562.obelix.lds.grp,10.139.81.132,SLES,15-SP6,6.4.0-150600.23.30-default,31.09,X1A,X1A_00_CI,SAP_CI,10.139.83.42,lincix1a0000.edc.linde.grp
CWD13,MLGFRA10SB555,MLGFRA10SB555.obelix.lds.grp,10.139.81.76,SLES,15-SP6,6.4.0-150600.23.30-default,62.53,S4A,S4A_69_CI,SAP_CI,10.139.82.63,lincis4a6900.edc.linde.grp
CWD13,MLGFRA10SB555,MLGFRA10SB555.obelix.lds.grp,10.139.81.76,SLES,15-SP6,6.4.0-150600.23.30-default,62.53,S4A,S4A_16_AC,SAP_AC,10.139.82.161,linacs4a1600.edc.linde.grp
CWD16,MLGFRA10SB557,MLGFRA10SB557.obelix.lds.grp,10.139.118.213,SLES,15-SP6,6.4.0-150600.23.30-default,62.53,S41,S41_69_DB,SAP_DB,10.139.112.187,lindbs416900c4.edc.linde.grp
CWD16,MLGFRA10SB558,MLGFRA10SB558.obelix.lds.grp,10.139.119.43,SLES,15-SP6,6.4.0-150600.23.30-default,62.53,S41,S41_16_AC,SAP_AC,10.139.112.188,linacs411600.edc.linde.grp
CWD16,MLGFRA10SB558,MLGFRA10SB558.obelix.lds.grp,10.139.119.43,SLES,15-SP6,6.4.0-150600.23.30-default,62.53,S41,S41_69_CI,SAP_CI,10.139.112.189,lincis416900.edc.linde.grp
CWD13,MLGFRA10SB560,MLGFRA10SB560.obelix.lds.grp,10.139.81.123,SLES,15-SP6,6.4.0-150600.23.30-default,371.69,N/A,N/A,SAP_Server_FCI,10.139.82.163,SERVICE_IP not defined in DNS
CWD13,MLGFRA10SB560,MLGFRA10SB560.obelix.lds.grp,10.139.81.123,SLES,15-SP6,6.4.0-150600.23.30-default,371.69,N/A,N/A,SAP_Server_FCI,10.139.82.162,SERVICE_IP not defined in DNS
CWD16,MLGFRA10SB552,MLGFRA10SB552.obelix.lds.grp,10.139.119.39,SLES,15-SP6,6.4.0-150600.23.30-default,371.69,SB1,SB1_16_AC,SAP_AC,10.139.112.171,linacsb11600.edc.linde.grp
CWD16,MLGFRA10SB552,MLGFRA10SB552.obelix.lds.grp,10.139.119.39,SLES,15-SP6,6.4.0-150600.23.30-default,371.69,SB1,SB1_54_CI,SAP_CI,10.139.112.170,lincisb15400.edc.linde.grp
CWD13,MLGFRA10SB566,MLGFRA10SB566.obelix.lds.grp,10.139.81.134,SLES,15-SP6,6.4.0-150600.23.30-default,34.98,N/A,N/A,SAP_Server_FCI,10.139.83.54,SERVICE_IP not defined in DNS
CWD13,MLGFRA10SB566,MLGFRA10SB566.obelix.lds.grp,10.139.81.134,SLES,15-SP6,6.4.0-150600.23.30-default,34.98,N/A,N/A,SAP_Server_FCI,10.139.83.53,SERVICE_IP not defined in DNS
CWD13,MLGFRA10SB567,MLGFRA10SB567.obelix.lds.grp,10.139.81.133,SLES,15-SP6,6.4.0-150600.23.30-default,251.44,N/A,N/A,SAP_Server_FCI,10.139.83.47,SERVICE_IP not defined in DNS
CWD13,MLGFRA10SB561,MLGFRA10SB561.obelix.lds.grp,10.139.81.130,SLES,15-SP6,6.4.0-150600.23.30-default,5039.55,SBH,SBH_54_HD,SAP_HD,10.139.82.237,linhdsbh5401.edc.linde.grp
CWD13,MLGFRA10SB563,MLGFRA10SB563.obelix.lds.grp,10.139.81.131,SLES,15-SP6,6.4.0-150600.23.30-default,251.44,X1H,X1H_00_HD,SAP_HD,10.139.83.41,linhdx1h0001.edc.linde.grp
CWD13,MLGFRA10SMB01,MLGFRA10SMB01.obelix.lds.grp,10.139.80.127,SLES,15-SP6,6.4.0-150600.23.30-default,46.78,B01,B01_pr_SM,SAP_SM,10.139.82.242,linsmb01prod.edc.linde.grp
CWD13,MLGFRA10SMB10,MLGFRA10SMB10.obelix.lds.grp,10.139.80.142,SLES,15-SP6,6.4.0-150600.23.38-default,23.21,N/A,N/A,SAP_Server_FCI,10.139.83.30,SERVICE_IP not defined in DNS
CWD13,MLGFRA10SMB02,MLGFRA10SMB02.obelix.lds.grp,10.139.80.128,SLES,15-SP6,6.4.0-150600.23.30-default,23.21,B01,B01_no_SM,SAP_SM,10.139.82.243,linsmb01nonp.edc.linde.grp
